ProjectNumber,ProjectYear,ProjectNumberCC,ProjectName,ProjectType.x,CurrentStatus,CongDist,County,HUC,LegDist,WRIA,ProjectLatitude,ProjectLongitude,PrimarySponsorName,ProjectType.y,ProjectName.y,PrimaryProgramName,PrimaryProgramAmount,CurrentProgramIndexList,RCOAmount,SponsorMatchAmount,ProjectTotalAmount,PSARAmount,PSARLargeCapAmount,LeadEntityAmount,ActivityAmount,StateSalmon,FedSalmon,StateActivity,FedActivity,StateLE,FedLE,SnapshotLink,TotalFedFund,TotalStateFund
07-1631,2007,2007-1631,Skokomish Estuary Island Restoration,R,Closed Comp,6,Mason,Skokomish,35,Skokomish-Dosewallips (16),47.33820765,-123.1264259,Skokomish Tribe,Restoration,Skokomish Estuary Island Restoration,Puget Sound Acq. & Restoration,1160000,98103, 98211, 98401, MATCH,2263397.15,2462027.01,4725424.16,1160000,NA,NA,NA,812397.15,NA,NA,NA,NA,NA,https://secure.rco.wa.gov/prism/search/projectsnapshot.aspx?ProjectNumber=07-1631,,812397.15
07-1632,2007,2007-1632,Salmon Estuary Wood Waste Removal and Restoration,A,Closed Comp,6,Jefferson,DUNGENESS/ELWHA,24,Quilcene-Snow (17),47.9903143,-122.8898083,North Olympic Salmon Coalition,Acquisition & Restoration,Salmon Estuary Wood Waste Removal and Restoration,Puget Sound Acq. & Restoration,484543.4,98401, MATCH,484543.4,145353.04,629896.44,484543.4,NA,NA,NA,NA,NA,NA,NA,NA,NA,https://secure.rco.wa.gov/prism/search/projectsnapshot.aspx?ProjectNumber=07-1632,,NA
07-1636,2007,2007-1636,Duckabush Robinson Road Levee Removal,R,Closed Comp,6,Jefferson,Hood Canal,24,Skokomish-Dosewallips (16),47.6524864,-122.9300445,Hood Canal SEG,Restoration,Duckabush Robinson Road Levee Removal,Puget Sound Acq. & Restoration,55477.08,98401, MATCH,55477.08,111623.91,167100.99,55477.08,NA,NA,NA,NA,NA,NA,NA,NA,NA,https://secure.rco.wa.gov/prism/search/projectsnapshot.aspx?ProjectNumber=07-1636,,NA
07-1638,2007,2007-1638,Snow/Salmon Cr. 2007 Riparian Project,R,Closed Comp,6,Jefferson,DUNGENESS/ELWHA,24,Quilcene-Snow (17),47.98176427,-122.8866164,Jefferson Co Cons Dist,Restoration,Snow/Salmon Cr. 2007 Riparian Project,Puget Sound Acq. & Restoration,113618.84,98401, MATCH,113618.84,22693.33,136312.17,113618.84,NA,NA,NA,NA,NA,NA,NA,NA,NA,https://secure.rco.wa.gov/prism/search/projectsnapshot.aspx?ProjectNumber=07-1638,,NA
07-1640,2007,2007-1640,Quilcene Bay Conservation - Ward,A,Closed Comp,6,Jefferson,Hood Canal,24,Quilcene-Snow (17),47.81901586,-122.8629318,Hood Canal SEG,Acquisition,Quilcene Bay Conservation - Ward,Puget Sound Acq. & Restoration,255025,98401, MATCH,255025,50000,305025,255025,NA,NA,NA,NA,NA,NA,NA,NA,NA,https://secure.rco.wa.gov/prism/search/projectsnapshot.aspx?ProjectNumber=07-1640,,NA
07-1641,2007,2007-1641,Five Mile Creek LWD,R,Closed Comp,6,Mason,Skokomish,35,Skokomish-Dosewallips (16),47.31750032,-123.2640312,Mason Conservation Dist,Restoration,Five Mile Creek LWD,Puget Sound Acq. & Restoration,7921.19,98401, MATCH,7921.19,15704.01,23625.2,7921.19,NA,NA,NA,NA,NA,NA,NA,NA,NA,https://secure.rco.wa.gov/prism/search/projectsnapshot.aspx?ProjectNumber=07-1641,,NA
07-1644,2007,2007-1644,Skokomish River GI, Phase 2 and 3,P,Closed Comp,6,Mason,Skokomish,35,Skokomish-Dosewallips (16),NA,NA,Skokomish Tribe,Planning,Skokomish River GI, Phase 2 and 3,Puget Sound Acq. & Restoration,596150,98401, MATCH,596150,105000,701150,596150,NA,NA,NA,NA,NA,NA,NA,NA,NA,https://secure.rco.wa.gov/prism/search/projectsnapshot.aspx?ProjectNumber=07-1644,,NA
07-1650,2007,2007-1650,Port Townsend Bay Shoreline/Nearshore Acquisition,A,Closed Comp,6,Jefferson,KITSAP,24,Quilcene-Snow (17),48.07948048,-122.7897274,State Parks,Acquisition,Port Townsend Bay Shoreline/Nearshore Acquisition,Puget Sound Acq. & Restoration,364081.53,98401, MATCH,364081.53,2727007,3091088.53,364081.53,NA,NA,NA,NA,NA,NA,NA,NA,NA,https://secure.rco.wa.gov/prism/search/projectsnapshot.aspx?ProjectNumber=07-1650,,NA
07-1657,2007,2007-1657,SF Skokomish River LWD Enhancement Project Phase 2,R,Closed Comp,6,Mason,Skokomish,35,Skokomish-Dosewallips (16),47.3985616,-123.3101507,Skokomish Tribe,Restoration,SF Skokomish River LWD Enhancement Project Phase 2,Puget Sound Acq. & Restoration,334667.67,98401, MATCH,334667.67,68800.69,403468.36,334667.67,NA,NA,NA,NA,NA,NA,NA,NA,NA,https://secure.rco.wa.gov/prism/search/projectsnapshot.aspx?ProjectNumber=07-1657,,NA
07-1659,2007,2007-1659,Vance River Reach Assessment,P,Active Comp,6,Mason,Skokomish,35,Skokomish-Dosewallips (16),47.32947554,-123.3091383,Skokomish Tribe,Planning,Vance River Reach Assessment,Puget Sound Acq. & Restoration,123918.96,98401,123918.96,0,123918.96,123918.96,NA,NA,NA,NA,NA,NA,NA,NA,NA,https://secure.rco.wa.gov/prism/search/projectsnapshot.aspx?ProjectNumber=07-1659,,NA
07-1660,2007,2007-1660,Tarboo-Dabob Bay Acquisition and Restoration,A,Closed Comp,6,Jefferson,Hood Canal,24,Quilcene-Snow (17),47.80784774,-122.8177246,Northwest Watershed Institute,Acquisition & Restoration,Tarboo-Dabob Bay Acquisition and Restoration,Puget Sound Acq. & Restoration,723186,98401,723186,0,723186,723186,NA,NA,NA,NA,NA,NA,NA,NA,NA,https://secure.rco.wa.gov/prism/search/projectsnapshot.aspx?ProjectNumber=07-1660,,NA
07-1717,2007,2007-1717,Chimacum Creek S. Curve,A,Closed Comp,6,Jefferson,KITSAP,24,Quilcene-Snow (17),48.0185837,-122.7719796,Jefferson Land Trust,Acquisition,Chimacum Creek S. Curve,Puget Sound Acq. & Restoration,96162.38,98401, MATCH,96162.38,17040.7,113203.08,96162.38,NA,NA,NA,NA,NA,NA,NA,NA,NA,https://secure.rco.wa.gov/prism/search/projectsnapshot.aspx?ProjectNumber=07-1717,,NA
07-1729,2007,2007-1729,Chico Estuary Restoration--Survey Phase,P,Closed Comp,6,Kitsap,KITSAP,35,Kitsap (15),47.60238913,-122.7059575,Kitsap County of,Planning,Chico Estuary Restoration--Survey Phase,Puget Sound Acq. & Restoration,116488.87,98401,116488.87,0,116488.87,116488.87,NA,NA,NA,NA,NA,NA,NA,NA,NA,https://secure.rco.wa.gov/prism/search/projectsnapshot.aspx?ProjectNumber=07-1729,,NA
07-1766,2007,2007-1766,Pilot Point Fee Acquisition,A,Closed Comp,6,Kitsap,KITSAP,23,Kitsap (15),47.88702973,-122.520095,Kitsap County Parks and Rec,Acquisition,Pilot Point Fee Acquisition,Puget Sound Acq. & Restoration,960000,98401, MATCH,960000,1040000,2e+06,960000,NA,NA,NA,NA,NA,NA,NA,NA,NA,https://secure.rco.wa.gov/prism/search/projectsnapshot.aspx?ProjectNumber=07-1766,,NA
07-1822,2007,2007-1822,Big Cove Restoration,R,Closed Comp,10,Mason,KITSAP,35,Kennedy-Goldsborough (14),47.13439252,-123.0221996,South Puget Sound SEG,Restoration,Big Cove Restoration,Puget Sound Acq. & Restoration,78108,98401, MATCH,78108,16492,94600,78108,NA,NA,NA,NA,NA,NA,NA,NA,NA,https://secure.rco.wa.gov/prism/search/projectsnapshot.aspx?ProjectNumber=07-1822,,NA
07-1829,2007,2007-1829,Goldsborough Creek Habitat Conservation,A,Closed Comp,6,Mason,KITSAP,35,Kennedy-Goldsborough (14),47.20639711,-123.2206557,Capitol Land Trust,Acquisition,Goldsborough Creek Habitat Conservation,Puget Sound Acq. & Restoration,110301.62,98401, MATCH,110301.62,42084.31,152385.93,110301.62,NA,NA,NA,NA,NA,NA,NA,NA,NA,https://secure.rco.wa.gov/prism/search/projectsnapshot.aspx?ProjectNumber=07-1829,,NA
07-1839,2007,2007-1839,Goldsborough Creek Salmon Corridor,A,Closed Comp,6,Mason,KITSAP,35,Kennedy-Goldsborough (14),47.20924473,-123.1369512,Capitol Land Trust,Acquisition,Goldsborough Creek Salmon Corridor,Puget Sound Acq. & Restoration,200120,98401, MATCH,200120,287000,487120,200120,NA,NA,NA,NA,NA,NA,NA,NA,NA,https://secure.rco.wa.gov/prism/search/projectsnapshot.aspx?ProjectNumber=07-1839,,NA
07-1841,2007,2007-1841,Twin Rivers Ranch Acquisition,A,Closed Comp,6,Mason,KITSAP,35,Kennedy-Goldsborough (14),47.26278385,-123.0153779,Capitol Land Trust,Acquisition,Twin Rivers Ranch Acquisition,Salmon State Projects,250998.78,98103, 98401, MATCH,494965.78,865438.59,1360404.37,243967,NA,NA,NA,250998.78,NA,NA,NA,NA,NA,https://secure.rco.wa.gov/prism/search/projectsnapshot.aspx?ProjectNumber=07-1841,,250998.78
07-1843,2007,2007-1843,Chico Estuary: Owen Project,P,Closed Comp,6,Kitsap,KITSAP,35,Kitsap (15),47.60391281,-122.7067034,Kitsap County of,Planning,Chico Estuary: Owen Project,Puget Sound Acq. & Restoration,15300,98401, MATCH,15300,2700,18000,15300,NA,NA,NA,NA,NA,NA,NA,NA,NA,https://secure.rco.wa.gov/prism/search/projectsnapshot.aspx?ProjectNumber=07-1843,,NA
07-1844,2007,2007-1844,WRIA 14 Beach Seine Project Development,P,Closed Comp,6,Mason,KITSAP,35,Kennedy-Goldsborough (14),47.19492316,-122.9239892,Squaxin Island Tribe,Planning,WRIA 14 Beach Seine Project Development,Puget Sound Acq. & Restoration,39036.99,98401, MATCH,39036.99,57600,96636.99,39036.99,NA,NA,NA,NA,NA,NA,NA,NA,NA,https://secure.rco.wa.gov/prism/search/projectsnapshot.aspx?ProjectNumber=07-1844,,NA
07-1880,2007,2007-1880,Barker Creek Estuary Culvert Replacement - Phase 2,R,Closed Comp,6,Kitsap,KITSAP,23,Kitsap (15),47.63790119,-122.6700168,Mid-Puget Sound Fish Enh Grp,Restoration,Barker Creek Estuary Culvert Replacement - Phase 2,Puget Sound Acq. & Restoration,437326,98401, MATCH,437326,77175,514501,437326,NA,NA,NA,NA,NA,NA,NA,NA,NA,https://secure.rco.wa.gov/prism/search/projectsnapshot.aspx?ProjectNumber=07-1880,,NA
08-1330,2008,2008-1330,Harstine Island - Scott Acquisition,A,Closed Comp,6,Mason,KITSAP,35,Kennedy-Goldsborough (14),47.24620239,-122.8711273,State Parks,Acquisition,Harstine Island - Scott Acquisition,WWRP-RPA-Riparian Protection,1828886.27,92501, 98103, 98401, MATCH,2018720.18,1585200,3603920.18,151764.02,NA,NA,NA,38069.89,NA,NA,NA,NA,NA,https://secure.rco.wa.gov/prism/search/projectsnapshot.aspx?ProjectNumber=08-1330,,38069.89
09-1438,2009,2009-1438,Little Quilcene River Delta Cone Removal - Ph 3,R,Closed Comp,6,Jefferson,Hood Canal,24,Quilcene-Snow (17),47.82534699,-122.8584522,Hood Canal SEG,Restoration,Little Quilcene River Delta Cone Removal - Ph 3,Puget Sound Acq. & Restoration,886940,98401, MATCH,886940,165131,1052071,886940,NA,NA,NA,NA,NA,NA,NA,NA,NA,https://secure.rco.wa.gov/prism/search/projectsnapshot.aspx?ProjectNumber=09-1438,,NA
09-1515,2009,2009-1515,Lead Entity West Sound Watershed,P,Closed Comp,6,Kitsap,KITSAP,26,Kitsap (15),47.5380096,-122.6382677,Kitsap County of,Planning,Lead Entity West Sound Watershed,Salmon-LE Fed Contracts,58893,10405, 10407, 10408, 98402,199381.53,0,199381.53,NA,NA,49381.53,NA,NA,NA,NA,NA,41107,58893,https://secure.rco.wa.gov/prism/search/projectsnapshot.aspx?ProjectNumber=09-1515,58893,41107
09-1545,2009,2009-1545,Lead Entity WRIA 14 Mason CD,P,Closed Comp,10,Mason,KITSAP,35,Kennedy-Goldsborough (14),47.19404708,-123.098383,Mason Conservation Dist,Planning,Lead Entity WRIA 14 Mason CD,Salmon-LE Fed Contracts,52216.95,10405, 10407, 10408, 98402,125533.97,0,125533.97,NA,NA,16326.86,NA,NA,NA,NA,NA,30151.93,52216.95,https://secure.rco.wa.gov/prism/search/projectsnapshot.aspx?ProjectNumber=09-1545,52216.95,30151.93
09-1568,2009,2009-1568,WRIA 14 Three Year Workplan Project Development,P,Closed Comp,10,Mason,KITSAP,35,Kennedy-Goldsborough (14),47.21245219,-123.0985706,South Puget Sound SEG,Planning,WRIA 14 Three Year Workplan Project Development,Puget Sound Acq. & Restoration,109915.41,98401, MATCH,109915.41,19861.54,129776.95,109915.41,NA,NA,NA,NA,NA,NA,NA,NA,NA,https://secure.rco.wa.gov/prism/search/projectsnapshot.aspx?ProjectNumber=09-1568,,NA
09-1610,2009,2009-1610,Donovan Creek Acquisition and Restoration - 135,A,Closed Comp,6,Jefferson,Hood Canal,24,Quilcene-Snow (17),47.82809081,-122.858745,Hood Canal SEG,Acquisition & Restoration,Donovan Creek Acquisition and Restoration - 135,Puget Sound Acq. & Restoration,171594,98401, MATCH,171594,348325,519919,171594,NA,NA,NA,NA,NA,NA,NA,NA,NA,https://secure.rco.wa.gov/prism/search/projectsnapshot.aspx?ProjectNumber=09-1610,,NA
09-1630,2009,2009-1630,Mid Hood Canal Dosewallips & Duckabush Acquisition,A,Closed Comp,6,Jefferson,Hood Canal,24,Skokomish-Dosewallips (16),47.65615555,-122.9504966,Jefferson Land Trust,Acquisition,Mid Hood Canal Dosewallips & Duckabush Acquisition,Salmon State Projects,286950.45,98103, 98401, MATCH,424243.45,79936.21,504179.66,137293,NA,NA,NA,286950.45,NA,NA,NA,NA,NA,https://secure.rco.wa.gov/prism/search/projectsnapshot.aspx?ProjectNumber=09-1630,,286950.45
09-1633,2009,2009-1633,Big Beef Creek Conservation,A,Closed Comp,6,Kitsap,Hood Canal,35,Kitsap (15),47.62533265,-122.792725,Great Peninsula Conservancy,Acquisition,Big Beef Creek Conservation,Puget Sound Acq. & Restoration,214288.54,98401, MATCH,214288.54,38207.59,252496.13,214288.54,NA,NA,NA,NA,NA,NA,NA,NA,NA,https://secure.rco.wa.gov/prism/search/projectsnapshot.aspx?ProjectNumber=09-1633,,NA
09-1639,2009,2009-1639,Union Estuary Johnson Farm Dike Design,P,Closed Comp,6,Mason,Hood Canal,35,Kitsap (15),47.44259676,-122.8428483,Hood Canal SEG,Planning,Union Estuary Johnson Farm Dike Design,Puget Sound Acq. & Restoration,130080,98401,130080,0,130080,130080,NA,NA,NA,NA,NA,NA,NA,NA,NA,https://secure.rco.wa.gov/prism/search/projectsnapshot.aspx?ProjectNumber=09-1639,,NA
09-1665,2009,2009-1665,Southern Hood Canal Riparian Enhancement Project,R,Closed Comp,6,Mason,Skokomish,35,Skokomish-Dosewallips (16),47.30612268,-123.1533282,Mason Conservation Dist,Restoration,Southern Hood Canal Riparian Enhancement Project,Salmon Federal Projects,344044,98104, 98401, MATCH,372510,60000,432510,28466,NA,NA,NA,NA,344044,NA,NA,NA,NA,https://secure.rco.wa.gov/prism/search/projectsnapshot.aspx?ProjectNumber=09-1665,344044,NA
09-1668,2009,2009-1668,Corps General Investigation of Skokomish support,P,Closed Comp,6,Mason,Skokomish,35,Skokomish-Dosewallips (16),47.31520434,-123.2390592,Mason Conservation Dist,Planning,Corps General Investigation of Skokomish support,Puget Sound Acq. & Restoration,413066.94,98401, MATCH,413066.94,413066.94,826133.88,413066.94,NA,NA,NA,NA,NA,NA,NA,NA,NA,https://secure.rco.wa.gov/prism/search/projectsnapshot.aspx?ProjectNumber=09-1668,,NA
09-1672,2009,2009-1672,Chico Crk Inst. Restoration Phase 2 Construction,R,Closed Comp,6,Kitsap,KITSAP,35,Kitsap (15),47.59439986,-122.707844,Kitsap County Comm Development,Restoration,Chico Crk Inst. Restoration Phase 2 Construction,Puget Sound Acq. & Restoration,668123.67,98103, 98401, MATCH,712778.67,126550,839328.67,668123.67,NA,NA,NA,44655,NA,NA,NA,NA,NA,https://secure.rco.wa.gov/prism/search/projectsnapshot.aspx?ProjectNumber=09-1672,,44655
09-1690,2009,2009-1690,West Sound Water Type Assessment,P,Closed Comp,6,Kitsap,KITSAP,23,Kitsap (15),47.79907742,-122.5362344,Wild Fish Conservancy,Planning,West Sound Water Type Assessment,Puget Sound Acq. & Restoration,118850,98401, MATCH,118850,21000,139850,118850,NA,NA,NA,NA,NA,NA,NA,NA,NA,https://secure.rco.wa.gov/prism/search/projectsnapshot.aspx?ProjectNumber=09-1690,,NA
09-1691,2009,2009-1691,Powel Shoreline Restoration Design,P,Closed Comp,6,Kitsap,KITSAP,23,Kitsap (15),47.70107522,-122.5316375,Bainbridge Island Land Trust,Planning,Powel Shoreline Restoration Design,Puget Sound Acq. & Restoration,132938.44,98401,132938.44,0,132938.44,132938.44,NA,NA,NA,NA,NA,NA,NA,NA,NA,https://secure.rco.wa.gov/prism/search/projectsnapshot.aspx?ProjectNumber=09-1691,,NA
09-1706,2009,2009-1706,Big Quilcene ELJ Restoration Phase 1,R,Closed Comp,6,Jefferson,Hood Canal,24,Quilcene-Snow (17),47.81166616,-122.9049436,Hood Canal SEG,Restoration,Big Quilcene ELJ Restoration Phase 1,Puget Sound Acq. & Restoration,316837.57,98401, MATCH,316837.57,55911.82,372749.39,316837.57,NA,NA,NA,NA,NA,NA,NA,NA,NA,https://secure.rco.wa.gov/prism/search/projectsnapshot.aspx?ProjectNumber=09-1706,,NA
09-1788,2009,2009-1788,Donovan Creek Acquisition,A,Closed Comp,6,Jefferson,Hood Canal,24,Quilcene-Snow (17),47.82872318,-122.8591026,Jefferson Land Trust,Acquisition & Restoration,Donovan Creek Acquisition,Puget Sound Acq. & Restoration,142597.14,98401, MATCH,142597.14,121471.86,264069,142597.14,NA,NA,NA,NA,NA,NA,NA,NA,NA,https://secure.rco.wa.gov/prism/search/projectsnapshot.aspx?ProjectNumber=09-1788,,NA
10-1061,2010,2010-1061,Sunset Bluff Natural Area Park Phase 1,A,Closed Comp,6,Mason,KITSAP,35,Kennedy-Goldsborough (14),47.21642342,-123.0657433,Mason County,Acquisition,Sunset Bluff Natural Area Park Phase 1,Land and Water Conservation,196456,91100, 95000, 98401, MATCH,977887,334813,1312700,71981,NA,NA,NA,NA,NA,NA,NA,NA,NA,https://secure.rco.wa.gov/prism/search/projectsnapshot.aspx?ProjectNumber=10-1061,,NA
10-1522,2010,2010-1522,Lower Tahuya LWD Placement,R,Closed Comp,6,Mason,Hood Canal,35,Kitsap (15),47.37433058,-123.0414874,Hood Canal SEG,Restoration,Lower Tahuya LWD Placement,Puget Sound Acq. & Restoration,71173.96,98401, MATCH,71173.96,69090.87,140264.83,71173.96,NA,NA,NA,NA,NA,NA,NA,NA,NA,https://secure.rco.wa.gov/prism/search/projectsnapshot.aspx?ProjectNumber=10-1522,,NA
10-1566,2010,2010-1566,Little Quilcene Brush Plant Road Reach,R,Closed Comp,6,Jefferson,Hood Canal,24,Quilcene-Snow (17),47.83054774,-122.8791077,Hood Canal SEG,Restoration,Little Quilcene Brush Plant Road Reach,Salmon State Projects,35820,98103, 98401, MATCH,105272,30785,136057,69452,NA,NA,NA,35820,NA,NA,NA,NA,NA,https://secure.rco.wa.gov/prism/search/projectsnapshot.aspx?ProjectNumber=10-1566,,35820
10-1776,2010,2010-1776,Midway Creek Fish Barrier Removal Project,R,Closed Comp,6,Mason,KITSAP,35,Kennedy-Goldsborough (14),47.21749927,-123.1676034,South Puget Sound SEG,Restoration,Midway Creek Fish Barrier Removal Project,Puget Sound Acq. & Restoration,169018.56,98104, 98401, MATCH,253992.56,45067.03,299059.59,169018.56,NA,NA,NA,NA,84974,NA,NA,NA,NA,https://secure.rco.wa.gov/prism/search/projectsnapshot.aspx?ProjectNumber=10-1776,84974,NA
10-1779,2010,2010-1779,Case Inlet Shoreline Enhancement Project,R,Closed Comp,6,Mason,KITSAP,35,Kennedy-Goldsborough (14),47.39988288,-122.8263822,South Puget Sound SEG,Restoration,Case Inlet Shoreline Enhancement Project,Salmon Federal Projects,79450,98104, 98401, MATCH,131500,25050,156550,52050,NA,NA,NA,NA,79450,NA,NA,NA,NA,https://secure.rco.wa.gov/prism/search/projectsnapshot.aspx?ProjectNumber=10-1779,79450,NA
10-1781,2010,2010-1781,Squaxin Island Pier and Bulkhead Removal,P,Closed Comp,6,Mason,KITSAP,35,Kennedy-Goldsborough (14),47.19467564,-122.9019251,South Puget Sound SEG,Planning & Restoration,Squaxin Island Pier and Bulkhead Removal,Salmon Federal Projects,80000,98104, 98401, MATCH,137021.26,24519.59,161540.85,57021.26,NA,NA,NA,NA,80000,NA,NA,NA,NA,https://secure.rco.wa.gov/prism/search/projectsnapshot.aspx?ProjectNumber=10-1781,80000,NA
10-1878,2010,2010-1878,West Sound Water Type Assessment Phase II,P,Closed Comp,6,Kitsap,KITSAP,23,Kitsap (15),47.59167041,-122.6176873,Wild Fish Conservancy,Planning,West Sound Water Type Assessment Phase II,Puget Sound Acq. & Restoration,1e+05,98104, 98401, MATCH,2e+05,37500,237500,1e+05,NA,NA,NA,NA,1e+05,NA,NA,NA,NA,https://secure.rco.wa.gov/prism/search/projectsnapshot.aspx?ProjectNumber=10-1878,100000,NA
10-1879,2010,2010-1879,Chico Phase 3 Design,P,Closed Comp,6,Kitsap,KITSAP,35,Kitsap (15),47.59281174,-122.7089884,Kitsap County of,Planning,Chico Phase 3 Design,Salmon Federal Projects,32949.89,98104, 98401,50367.29,0,50367.29,17417.4,NA,NA,NA,NA,32949.89,NA,NA,NA,NA,https://secure.rco.wa.gov/prism/search/projectsnapshot.aspx?ProjectNumber=10-1879,32949.89,NA
10-1882,2010,2010-1882,West Bainbridge Shoreline Protection Feasibility,P,Closed Comp,6,Kitsap,KITSAP,23,Kitsap (15),47.69979337,-122.5646179,Bainbridge Island Land Trust,Planning,West Bainbridge Shoreline Protection Feasibility,Puget Sound Acq. & Restoration,27459.79,98401, MATCH,27459.79,9000,36459.79,27459.79,NA,NA,NA,NA,NA,NA,NA,NA,NA,https://secure.rco.wa.gov/prism/search/projectsnapshot.aspx?ProjectNumber=10-1882,,NA
11-1314,2011,2011-1314,Maynard Nearshore Restoration,R,Closed Comp,6,Jefferson,DUNGENESS/ELWHA,24,Quilcene-Snow (17),47.99621782,-122.8843101,North Olympic Salmon Coalition,Restoration,Maynard Nearshore Restoration,Puget Sound Acq. & Restoration,483592,98401, MATCH,483592,85340,568932,483592,NA,NA,NA,NA,NA,NA,NA,NA,NA,https://secure.rco.wa.gov/prism/search/projectsnapshot.aspx?ProjectNumber=11-1314,,NA
11-1316,2011,2011-1316,Lilliwaup Creek-Restoration Design Plan Completion,P,Closed Comp,6,Mason,Hood Canal,35,Skokomish-Dosewallips (16),47.46764562,-123.1153522,Long Live the Kings,Planning,Lilliwaup Creek-Restoration Design Plan Completion,Puget Sound Acq. & Restoration,145591,98401,145591,0,145591,145591,NA,NA,NA,NA,NA,NA,NA,NA,NA,https://secure.rco.wa.gov/prism/search/projectsnapshot.aspx?ProjectNumber=11-1316,,NA
11-1348,2011,2011-1348,Union River Estuary Restoration,R,Closed Comp,6,Mason,Hood Canal,35,Kitsap (15),47.44265108,-122.8428369,Hood Canal SEG,Restoration,Union River Estuary Restoration,Puget Sound Acq. & Restoration,299999.07,98401, MATCH,299999.07,1499995.35,1799994.42,299999.07,NA,NA,NA,NA,NA,NA,NA,NA,NA,https://secure.rco.wa.gov/prism/search/projectsnapshot.aspx?ProjectNumber=11-1348,,NA
11-1349,2011,2011-1349,Big Quilcene Delta Acquisition,A,Closed Comp,6,Jefferson,Hood Canal,24,Quilcene-Snow (17),47.81760611,-122.8661325,Hood Canal SEG,Acquisition & Restoration,Big Quilcene Delta Acquisition,Puget Sound Acq. & Restoration,320000,98401, MATCH,320000,8e+05,1120000,320000,NA,NA,NA,NA,NA,NA,NA,NA,NA,https://secure.rco.wa.gov/prism/search/projectsnapshot.aspx?ProjectNumber=11-1349,,NA
11-1351,2011,2011-1351,Lower Big Beef Creek Restoration Design,P,Closed Comp,6,Kitsap,Hood Canal,35,Kitsap (15),47.64792181,-122.782358,Hood Canal SEG,Planning,Lower Big Beef Creek Restoration Design,Puget Sound Acq. & Restoration,70061,98401,70061,0,70061,70061,NA,NA,NA,NA,NA,NA,NA,NA,NA,https://secure.rco.wa.gov/prism/search/projectsnapshot.aspx?ProjectNumber=11-1351,,NA
11-1354,2011,2011-1354,Dosewallips Floodplain & Estuary Resoration -2011,R,Active,6,Jefferson,Hood Canal,24,Skokomish-Dosewallips (16),47.68844838,-122.8976524,Wild Fish Conservancy,Restoration,Dosewallips Floodplain & Estuary Resoration -2011,Salmon Federal Projects,338383,98104, 98401, MATCH,505678,139000,644678,167295,NA,NA,NA,NA,338383,NA,NA,NA,NA,https://secure.rco.wa.gov/prism/search/projectsnapshot.aspx?ProjectNumber=11-1354,338383,NA
11-1356,2011,2011-1356,Lower Mainstem Chimacum Creek Acquisition,A,Closed Comp,6,Jefferson,KITSAP,24,Quilcene-Snow (17),48.04723,-122.789262,Jefferson Land Trust,Acquisition & Restoration,Lower Mainstem Chimacum Creek Acquisition,Puget Sound Acq. & Restoration,147000,98401, MATCH,147000,26200,173200,147000,NA,NA,NA,NA,NA,NA,NA,NA,NA,https://secure.rco.wa.gov/prism/search/projectsnapshot.aspx?ProjectNumber=11-1356,,NA
11-1358,2011,2011-1358,Skokomish Rvr floodplain acquisition & restoration,A,Active,6,Mason,Skokomish,35,Skokomish-Dosewallips (16),47.30338959,-123.1723802,Mason Conservation Dist,Acquisition & Restoration,Skokomish Rvr floodplain acquisition & restoration,Puget Sound Acq. & Restoration,425950,98401, MATCH,425950,77500,503450,425950,NA,NA,NA,NA,NA,NA,NA,NA,NA,https://secure.rco.wa.gov/prism/search/projectsnapshot.aspx?ProjectNumber=11-1358,,NA
11-1361,2011,2011-1361,Skokomish Estuary Restoration Phase III,R,Closed Comp,6,Mason,Skokomish,35,Skokomish-Dosewallips (16),47.3449702,-123.1447531,Mason Conservation Dist,Restoration,Skokomish Estuary Restoration Phase III,Salmon State Projects,54943.52,98103, 98105, 98202, 98203, 98401, MATCH,1081237.52,324427.48,1405665,301090,NA,NA,NA,54943.52,NA,NA,NA,NA,NA,https://secure.rco.wa.gov/prism/search/projectsnapshot.aspx?ProjectNumber=11-1361,,54943.52
11-1362,2011,2011-1362,Tahuya River LWD placement - Phase 2,R,Closed Comp,6,Mason,Hood Canal,35,Kitsap (15),47.37710836,-123.0379788,Hood Canal SEG,Restoration,Tahuya River LWD placement - Phase 2,Puget Sound Acq. & Restoration,126948,98401, MATCH,126948,30000,156948,126948,NA,NA,NA,NA,NA,NA,NA,NA,NA,https://secure.rco.wa.gov/prism/search/projectsnapshot.aspx?ProjectNumber=11-1362,,NA
11-1470,2011,2011-1470,Gorst Creek Habitat Enhancement,R,Closed Comp,6,Kitsap,KITSAP,35,Kitsap (15),47.52738591,-122.7061269,Mid-Puget Sound Fish Enh Grp,Restoration,Gorst Creek Habitat Enhancement,Puget Sound Acq. & Restoration,80325,98401, MATCH,80325,14175,94500,80325,NA,NA,NA,NA,NA,NA,NA,NA,NA,https://secure.rco.wa.gov/prism/search/projectsnapshot.aspx?ProjectNumber=11-1470,,NA
11-1484,2011,2011-1484,Mason Conservation District Lead Entity,P,Closed Comp,10,Mason,KITSAP,35,Kennedy-Goldsborough (14),47.19414236,-123.0988362,Mason Conservation Dist,Planning,Mason Conservation District Lead Entity,Salmon-LE Fed Contracts,52201.68,10405, 10407, 10408, 98302, 98402,145751.83,0,145751.83,NA,NA,33745.99,NA,NA,NA,NA,11516.39,25126,52201.68,https://secure.rco.wa.gov/prism/search/projectsnapshot.aspx?ProjectNumber=11-1484,11516.39 52201.68,25126
11-1485,2011,2011-1485,West Sound Watersheds Council Lead Entity,P,Closed Comp,6,Kitsap,KITSAP,26,Kitsap (15),47.53810041,-122.6393483,Kitsap County Comm Development,Planning,West Sound Watersheds Council Lead Entity,Salmon-LE Fed Contracts,68488,10405, 10407, 98302, 98402,182857.04,0,182857.04,NA,NA,56991.04,NA,NA,NA,NA,25866,31512,68488,https://secure.rco.wa.gov/prism/search/projectsnapshot.aspx?ProjectNumber=11-1485,25866 68488,31512
11-1505,2011,2011-1505,Powel Shoreline Restoration Implementation,R,Closed Comp,6,Kitsap,KITSAP,23,Kitsap (15),47.70083896,-122.5317548,Bainbridge Island Land Trust,Restoration,Powel Shoreline Restoration Implementation,Puget Sound Acq. & Restoration,293910,98401, MATCH,293910,51850,345760,293910,NA,NA,NA,NA,NA,NA,NA,NA,NA,https://secure.rco.wa.gov/prism/search/projectsnapshot.aspx?ProjectNumber=11-1505,,NA
11-1543,2011,2011-1543,Middle Goldsborough In-stream Habitat Projects,R,Closed Comp,6,Mason,KITSAP,35,Kennedy-Goldsborough (14),47.20896934,-123.1338073,South Puget Sound SEG,Restoration,Middle Goldsborough In-stream Habitat Projects,Puget Sound Acq. & Restoration,47699.48,98401, MATCH,47699.48,140896.83,188596.31,47699.48,NA,NA,NA,NA,NA,NA,NA,NA,NA,https://secure.rco.wa.gov/prism/search/projectsnapshot.aspx?ProjectNumber=11-1543,,NA
11-1551,2011,2011-1551,Hood Canal Regional Salmon Recovery,P,Closed Comp,6,Kitsap,KITSAP,23,Kitsap (15),47.72441441,-122.6388603,Hood Canal Coor Council LE,Planning,Hood Canal Regional Salmon Recovery,Salmon Federal Activities,750000,10405, 10407, 98302, 98402,1133911.98,0,1133911.98,NA,NA,223911.98,NA,NA,NA,NA,750000,47855,112145,https://secure.rco.wa.gov/prism/search/projectsnapshot.aspx?ProjectNumber=11-1551,750000 112145,47855
11-1554,2011,2011-1554,Upper Goldsborough Habitat Acquisition Phase 2,A,Closed Comp,6,Mason,KITSAP,35,Kennedy-Goldsborough (14),47.20516424,-123.224472,Capitol Land Trust,Acquisition,Upper Goldsborough Habitat Acquisition Phase 2,Puget Sound Acq. & Restoration,250000,98104, 98401, MATCH,450000,79411,529411,250000,NA,NA,NA,NA,2e+05,NA,NA,NA,NA,https://secure.rco.wa.gov/prism/search/projectsnapshot.aspx?ProjectNumber=11-1554,200000,NA
11-1557,2011,2011-1557,Riparian Assessment and Restoration in WRIA 14,P,Closed Comp,6,Mason,KITSAP,35,Kennedy-Goldsborough (14),47.20360448,-123.1841513,Mason Conservation Dist,Planning & Restoration,Riparian Assessment and Restoration in WRIA 14,Salmon Federal Projects,32942,98104, 98401, MATCH,56000,11000,67000,23058,NA,NA,NA,NA,32942,NA,NA,NA,NA,https://secure.rco.wa.gov/prism/search/projectsnapshot.aspx?ProjectNumber=11-1557,32942,NA
11-1642,2011,2011-1642,Five Mile Creek LWD Placement,R,Closed Comp,6,Mason,Skokomish,35,Skokomish-Dosewallips (16),47.30168528,-123.1829024,Mason Conservation Dist,Restoration,Five Mile Creek LWD Placement,Puget Sound Acq. & Restoration,30303.77,98401, MATCH,30303.77,35498.7,65802.47,30303.77,NA,NA,NA,NA,NA,NA,NA,NA,NA,https://secure.rco.wa.gov/prism/search/projectsnapshot.aspx?ProjectNumber=11-1642,,NA
12-1422,2012,2012-1422,Divide Block Kitsap Forest and Bay- Grovers Creek,A,Active,6,Kitsap,KITSAP,23,Kitsap (15),47.78307341,-122.5541741,Great Peninsula Conservancy,Acquisition,Divide Block Kitsap Forest and Bay- Grovers Creek,WWRP-RPA-Riparian Protection,997031,92501, 98104, 98401, MATCH,1373064.5,620997.5,1994062,81378.5,NA,NA,NA,NA,294655,NA,NA,NA,NA,https://secure.rco.wa.gov/prism/search/projectsnapshot.aspx?ProjectNumber=12-1422,294655,NA
12-1590,2012,2012-1590,Oakland Bay Estuary Conservation Phase 3,A,Active,6,Mason,KITSAP,35,Kennedy-Goldsborough (14),47.2461949,-123.0388632,Capitol Land Trust,Acquisition & Restoration,Oakland Bay Estuary Conservation Phase 3,WWRP-RPA-Riparian Protection,1e+06,92501, 98103, 98105, 98401, MATCH,1820928,201072,2022000,703543,NA,NA,NA,50385,NA,NA,NA,NA,NA,https://secure.rco.wa.gov/prism/search/projectsnapshot.aspx?ProjectNumber=12-1590,,50385
13-1137,2013,2013-1137,Milwaukee Dock Eelgrass Restoration,R,Active,6,Kitsap,KITSAP,23,Kitsap (15),47.61714743,-122.4992323,Suquamish Tribe,Restoration,Milwaukee Dock Eelgrass Restoration,PSAR Large Capital Projects,1760000,98404, MATCH,1760000,118000,1878000,NA,1760000,NA,NA,NA,NA,NA,NA,NA,NA,https://secure.rco.wa.gov/prism/search/projectsnapshot.aspx?ProjectNumber=13-1137,,NA
13-1140,2013,2013-1140,W Bainbridge Shoreline Protection PSAR,A,Active,6,Kitsap,KITSAP,23,Kitsap (15),47.70789042,-122.5635183,Bainbridge Island Land Trust,Acquisition & Restoration,W Bainbridge Shoreline Protection PSAR,PSAR Large Capital Projects,810000,98105, 98404,1206000,0,1206000,NA,810000,NA,NA,NA,NA,NA,NA,NA,NA,https://secure.rco.wa.gov/prism/search/projectsnapshot.aspx?ProjectNumber=13-1140,,NA
13-1143,2013,2013-1143,West Sound Watertyping III,P,Active,6,Kitsap,KITSAP,23,Kitsap (15),47.63640842,-122.5296123,Wild Fish Conservancy,Planning,West Sound Watertyping III,Puget Sound Acq. & Restoration,253480,98401, MATCH,253480,45000,298480,253480,NA,NA,NA,NA,NA,NA,NA,NA,NA,https://secure.rco.wa.gov/prism/search/projectsnapshot.aspx?ProjectNumber=13-1143,,NA
13-1173,2013,2013-1173,Southern Hood Canal Riparian Enhancement Phase II,R,Active,6,Mason,Skokomish,35,Skokomish-Dosewallips (16),47.31680535,-123.2202472,Mason Conservation Dist,Restoration,Southern Hood Canal Riparian Enhancement Phase II,Puget Sound Acq. & Restoration,344212,98401, MATCH,344212,287484,631696,NA,NA,NA,NA,NA,NA,NA,NA,NA,NA,https://secure.rco.wa.gov/prism/search/projectsnapshot.aspx?ProjectNumber=13-1173,,NA
13-1193,2013,2013-1193,Keta Park Floodplain Restoration Design,P,Active,6,Kitsap,KITSAP,35,Kitsap (15),47.5923934,-122.7080033,Suquamish Tribe,Planning,Keta Park Floodplain Restoration Design,Puget Sound Acq. & Restoration,345000,98401, MATCH,345000,64000,409000,345000,NA,NA,NA,NA,NA,NA,NA,NA,NA,https://secure.rco.wa.gov/prism/search/projectsnapshot.aspx?ProjectNumber=13-1193,,NA
13-1194,2013,2013-1194,Carpenter Creek Estuary Acquisition,A,Active,6,Kitsap,KITSAP,23,Kitsap (15),47.79419843,-122.5065314,Great Peninsula Conservancy,Acquisition,Carpenter Creek Estuary Acquisition,Puget Sound Acq. & Restoration,208987.5,98105, 98401,809987.5,0,809987.5,208987.5,NA,NA,NA,NA,NA,NA,NA,NA,NA,https://secure.rco.wa.gov/prism/search/projectsnapshot.aspx?ProjectNumber=13-1194,,NA
13-1198,2013,2013-1198,Snow Creek Watershed Acquisition and Restoration,A,Active,6,Jefferson,DUNGENESS/ELWHA,24,Quilcene-Snow (17),47.94016238,-122.8876354,Jefferson Land Trust,Acquisition & Restoration,Snow Creek Watershed Acquisition and Restoration,Puget Sound Acq. & Restoration,370854,98401, MATCH,370854,123618,494472,370854,NA,NA,NA,NA,NA,NA,NA,NA,NA,https://secure.rco.wa.gov/prism/search/projectsnapshot.aspx?ProjectNumber=13-1198,,NA
13-1199,2013,2013-1199,East Jefferson Summer Chum Riparian Phase II,R,Active,6,Jefferson,KITSAP,24,Quilcene-Snow (17),48.01728439,-122.7678784,North Olympic Salmon Coalition,Restoration,East Jefferson Summer Chum Riparian Phase II,Puget Sound Acq. & Restoration,221137,98103, 98401, MATCH,221138,50000,271138,221137,NA,NA,NA,1,NA,NA,NA,NA,NA,https://secure.rco.wa.gov/prism/search/projectsnapshot.aspx?ProjectNumber=13-1199,,1
13-1204,2013,2013-1204,Lower Skabob Creek Restoration Preliminary Design,P,Closed Comp,6,Mason,Skokomish,35,Skokomish-Dosewallips (16),47.32660936,-123.1403362,Mason Conservation Dist,Planning,Lower Skabob Creek Restoration Preliminary Design,Puget Sound Acq. & Restoration,19742.32,98401,19742.32,0,19742.32,19742.32,NA,NA,NA,NA,NA,NA,NA,NA,NA,https://secure.rco.wa.gov/prism/search/projectsnapshot.aspx?ProjectNumber=13-1204,,NA
13-1209,2013,2013-1209,Lower Big Quilcene River Master Plan Design,P,Active,6,Jefferson,Hood Canal,24,Quilcene-Snow (17),47.81847838,-122.8745064,Hood Canal SEG,Planning,Lower Big Quilcene River Master Plan Design,Puget Sound Acq. & Restoration,5e+05,98401, MATCH,5e+05,88235,588235,NA,NA,NA,NA,NA,NA,NA,NA,NA,NA,https://secure.rco.wa.gov/prism/search/projectsnapshot.aspx?ProjectNumber=13-1209,,NA
13-1219,2013,2013-1219,Hood Canal Summer Chum Riparian Restoration,R,Active,6,Mason,Hood Canal,35,Kitsap (15),47.48649038,-122.9290943,Hood Canal SEG,Restoration,Hood Canal Summer Chum Riparian Restoration,Puget Sound Acq. & Restoration,75000,98401, MATCH,75000,85090,NA,75000,NA,NA,NA,NA,NA,NA,NA,NA,NA,https://secure.rco.wa.gov/prism/search/projectsnapshot.aspx?ProjectNumber=13-1219,,NA
13-1220,2013,2013-1220,Skokomish Confluence Levee Design and Acquisition,P,Active,6,Mason,Skokomish,35,Skokomish-Dosewallips (16),47.31605234,-123.2400582,Mason Conservation Dist,Planning & Acquisition,Skokomish Confluence Levee Design and Acquisition,Puget Sound Acq. & Restoration,438755,98401, MATCH,438755,110957,549712,438755,NA,NA,NA,NA,NA,NA,NA,NA,NA,https://secure.rco.wa.gov/prism/search/projectsnapshot.aspx?ProjectNumber=13-1220,,NA
13-1221,2013,2013-1221,Duckabush Floodplain Acquisition 2013,A,Active,6,Jefferson,Hood Canal,24,Skokomish-Dosewallips (16),47.66047337,-122.9591243,Jefferson County of,Acquisition & Restoration,Duckabush Floodplain Acquisition 2013,Salmon Federal Projects,251092,98104, 98401, MATCH,268125,61184,NA,17033,NA,NA,NA,NA,251092,NA,NA,NA,NA,https://secure.rco.wa.gov/prism/search/projectsnapshot.aspx?ProjectNumber=13-1221,251092,NA
13-1244,2013,2013-1244,Goldsborough and Mill Knotweed Assessment,P,Active,10,Mason,KITSAP,35,Kennedy-Goldsborough (14),47.20928036,-123.1015842,Mason Conservation Dist,Planning & Restoration,Goldsborough and Mill Knotweed Assessment,Puget Sound Acq. & Restoration,56611,98401, MATCH,56611,10000,66611,56611,NA,NA,NA,NA,NA,NA,NA,NA,NA,https://secure.rco.wa.gov/prism/search/projectsnapshot.aspx?ProjectNumber=13-1244,,NA
13-1246,2013,2013-1246,Johns Creek LWD and Riparian Restoration,R,Active,6,Mason,KITSAP,35,Kennedy-Goldsborough (14),47.25157236,-123.0728622,Mason Conservation Dist,Restoration,Johns Creek LWD and Riparian Restoration,Puget Sound Acq. & Restoration,57456,98104, 98401, MATCH,93456,16500,109956,57456,NA,NA,NA,NA,36000,NA,NA,NA,NA,https://secure.rco.wa.gov/prism/search/projectsnapshot.aspx?ProjectNumber=13-1246,36000,NA
13-1250,2013,2013-1250,Collier Boat Ramp and Jetty,R,Closed Comp,10,Mason,KITSAP,35,Kennedy-Goldsborough (14),47.19819838,-122.9383422,South Puget Sound SEG,Restoration,Collier Boat Ramp and Jetty,Puget Sound Acq. & Restoration,165000,98401, MATCH,165000,30975,195975,165000,NA,NA,NA,NA,NA,NA,NA,NA,NA,https://secure.rco.wa.gov/prism/search/projectsnapshot.aspx?ProjectNumber=13-1250,,NA
13-1371,2013,2013-1371,Mason Conservation District LE,P,Closed Comp,10,Mason,KITSAP,35,Kennedy-Goldsborough (14),47.19408436,-123.0986642,Mason Conservation Dist,Planning,Mason Conservation District LE,Salmon-LE Fed Contracts,86523.14,10405, 10407, 98402,167116.32,0,167116.32,NA,NA,57805.32,NA,NA,NA,NA,NA,22787.86,86523.14,https://secure.rco.wa.gov/prism/search/projectsnapshot.aspx?ProjectNumber=13-1371,86523.14,22787.86
13-1372,2013,2013-1372,West Sound Watersheds Council LE,P,Closed Comp,6,Kitsap,KITSAP,26,Kitsap (15),47.53807141,-122.6389743,Kitsap County Comm Development,Planning,West Sound Watersheds Council LE,Salmon-LE Fed Contracts,90140,10405, 10407, 98402,283119.08,0,283119.08,NA,NA,163119.08,NA,NA,NA,NA,NA,29860,90140,https://secure.rco.wa.gov/prism/search/projectsnapshot.aspx?ProjectNumber=13-1372,90140,29860
13-1383,2013,2013-1383,Hood Canal Reg. Salmon Recovery,P,Closed Comp,6,Kitsap,KITSAP,23,Kitsap (15),47.72073903,-122.631657,Hood Canal Coor Council LE,Planning,Hood Canal Reg. Salmon Recovery,Salmon Federal Activities,749999.99,10405, 10407, 98302, 98402,1136033.4,0,1136033.4,NA,NA,230552.41,NA,NA,NA,NA,749999.99,36528,118953,https://secure.rco.wa.gov/prism/search/projectsnapshot.aspx?ProjectNumber=13-1383,749999.99 118953,36528
13-1558,2013,2013-1558,Kilisut Harbor Restoration Design,P,Active,6,Jefferson,KITSAP,24,Quilcene-Snow (17),48.0182164,-122.7005894,North Olympic Salmon Coalition,Planning,Kilisut Harbor Restoration Design,Estuary & Salmon Restoration,427475,98105, 98404,1612571,0,1612571,NA,1185096,NA,NA,NA,NA,NA,NA,NA,NA,https://secure.rco.wa.gov/prism/search/projectsnapshot.aspx?ProjectNumber=13-1558,,NA
14-1021,2014,2014-1021,West Uncas Rd / Salmon Creek Culvert Design,P,Closed Comp,6,Jefferson,DUNGENESS/ELWHA,24,Quilcene-Snow (17),47.98023638,-122.8965484,Jefferson Co Public Works,Planning,West Uncas Rd / Salmon Creek Culvert Design,Puget Sound Acq. & Restoration,95403.28,98401,95403.28,0,95403.28,95403.28,NA,NA,NA,NA,NA,NA,NA,NA,NA,https://secure.rco.wa.gov/prism/search/projectsnapshot.aspx?ProjectNumber=14-1021,,NA
14-1300,2014,2014-1300,Dosewallips Estuary Barge Removal,A,Active,6,Jefferson,Hood Canal,24,Skokomish-Dosewallips (16),47.68310338,-122.8988093,Hood Canal SEG,Acquisition & Restoration,Dosewallips Estuary Barge Removal,Puget Sound Acq. & Restoration,190998,98401, MATCH,190998,37095,228093,190998,NA,NA,NA,NA,NA,NA,NA,NA,NA,https://secure.rco.wa.gov/prism/search/projectsnapshot.aspx?ProjectNumber=14-1300,,NA
14-1321,2014,2014-1321,Lower Big Quilcene River Riparian Protection,A,Active,6,Jefferson,Hood Canal,24,Quilcene-Snow (17),47.81679738,-122.8827744,Jefferson Land Trust,Acquisition & Restoration,Lower Big Quilcene River Riparian Protection,Puget Sound Acq. & Restoration,161160,98401, MATCH,161160,28440,189600,NA,NA,NA,NA,NA,NA,NA,NA,NA,NA,https://secure.rco.wa.gov/prism/search/projectsnapshot.aspx?ProjectNumber=14-1321,,NA
14-1322,2014,2014-1322,Duckabush Riparian Habitat Acquisition,A,Active,6,Jefferson,Hood Canal,24,Skokomish-Dosewallips (16),47.65628838,-122.9554313,Jefferson Land Trust,Acquisition,Duckabush Riparian Habitat Acquisition,Puget Sound Acq. & Restoration,746000,98401, MATCH,746000,225500,971500,746000,NA,NA,NA,NA,NA,NA,NA,NA,NA,https://secure.rco.wa.gov/prism/search/projectsnapshot.aspx?ProjectNumber=14-1322,,NA
14-1326,2014,2014-1326,Beards Cove Restoration,A,Active,6,Mason,Hood Canal,35,Kitsap (15),47.44118339,-122.8548243,Great Peninsula Conservancy,Acquisition & Restoration,Beards Cove Restoration,Puget Sound Acq. & Restoration,302868,98103, 98104, 98202, 98401,1009000,0,1009000,302868,NA,NA,NA,1,297131,NA,NA,NA,NA,https://secure.rco.wa.gov/prism/search/projectsnapshot.aspx?ProjectNumber=14-1326,297131,1
14-1369,2014,2014-1369,Skokomish Estuary Restoration Phase 3C,R,Active,6,Mason,Skokomish,35,Skokomish-Dosewallips (16),47.34111736,-123.1391982,Mason Conservation Dist,Restoration,Skokomish Estuary Restoration Phase 3C,Puget Sound Acq. & Restoration,463600,98105, 98401,1695529,0,1695529,463600,NA,NA,NA,NA,NA,NA,NA,NA,NA,https://secure.rco.wa.gov/prism/search/projectsnapshot.aspx?ProjectNumber=14-1369,,NA
14-1375,2014,2014-1375,West Sound Nearshore Integration & Synthesis,P,Active,6,Kitsap,KITSAP,23,Kitsap (15),47.83310143,-122.5045654,Kitsap County Comm Development,Planning,West Sound Nearshore Integration & Synthesis,Puget Sound Acq. & Restoration,154054,98401, MATCH,154054,30777,184831,154054,NA,NA,NA,NA,NA,NA,NA,NA,NA,https://secure.rco.wa.gov/prism/search/projectsnapshot.aspx?ProjectNumber=14-1375,,NA
14-1949,2014,2014-1949,Evergreen Park Nearshore Restoration Design,P,Active,6,Kitsap,KITSAP,26,Kitsap (15),47.57321341,-122.6253903,Bremerton Public Works,Planning,Evergreen Park Nearshore Restoration Design,Puget Sound Acq. & Restoration,2e+05,98401,2e+05,0,2e+05,2e+05,NA,NA,NA,NA,NA,NA,NA,NA,NA,https://secure.rco.wa.gov/prism/search/projectsnapshot.aspx?ProjectNumber=14-1949,,NA
14-2214,2014,2014-2214,Duckabush Estuary Feasibility Study,P,Active,6,Jefferson,Hood Canal,24,Skokomish-Dosewallips (16),47.65183538,-122.9366573,Hood Canal SEG,Planning,Duckabush Estuary Feasibility Study,Estuary & Salmon Restoration,116897,98105, 98401,183464,0,183464,NA,NA,NA,NA,NA,NA,NA,NA,NA,NA,https://secure.rco.wa.gov/prism/search/projectsnapshot.aspx?ProjectNumber=14-2214,,NA
15-1074,2015,2015-1074,Cowling Creek Culverts Replacement Feasibility,P,Active,6,Kitsap,KITSAP,23,Kitsap (15),47.74714542,-122.5607813,Mid-Puget Sound Fish Enh Grp,Planning,Cowling Creek Culverts Replacement Feasibility,Puget Sound Acq. & Restoration,68000,98401, MATCH,68000,12000,80000,68000,NA,NA,NA,NA,NA,NA,NA,NA,NA,https://secure.rco.wa.gov/prism/search/projectsnapshot.aspx?ProjectNumber=15-1074,,NA
15-1075,2015,2015-1075,Harper Estuary Restoration Final Design,P,Active,6,Kitsap,KITSAP,26,Kitsap (15),47.51680943,-122.5160343,Kitsap County of,Planning,Harper Estuary Restoration Final Design,Salmon Federal Projects,50000,98104, 98401, MATCH,340000,60000,4e+05,290000,NA,NA,NA,NA,50000,NA,NA,NA,NA,https://secure.rco.wa.gov/prism/search/projectsnapshot.aspx?ProjectNumber=15-1075,50000,NA
15-1080,2015,2015-1080,Grovers Creek Protection Phase II,A,Active,6,Kitsap,KITSAP,23,Kitsap (15),47.78839042,-122.5404864,Great Peninsula Conservancy,Acquisition,Grovers Creek Protection Phase II,Salmon State Projects,194655,98103, 98401, MATCH,3e+05,385650,685650,105345,NA,NA,NA,194655,NA,NA,NA,NA,NA,https://secure.rco.wa.gov/prism/search/projectsnapshot.aspx?ProjectNumber=15-1080,,194655
15-1107,2015,2015-1107,West Oakland Bay Restoration & Conservation,P,Active,10,Mason,KITSAP,35,Kennedy-Goldsborough (14),47.21100636,-123.0914092,South Puget Sound SEG,Planning & Acq & Restore,West Oakland Bay Restoration & Conservation,Puget Sound Acq. & Restoration,1597374,98401, MATCH,1597374,309125,1906499,1597374,NA,NA,NA,NA,NA,NA,NA,NA,NA,https://secure.rco.wa.gov/prism/search/projectsnapshot.aspx?ProjectNumber=15-1107,,NA
15-1182,2015,2015-1182,Anderson Creek Enhancement Project 2,R,Active,6,Mason,KITSAP,35,Kennedy-Goldsborough (14),47.37141339,-122.8461072,South Puget Sound SEG,Restoration,Anderson Creek Enhancement Project 2,Salmon State Projects,122442,98103, 98401, MATCH,124550,23450,148000,2108,NA,NA,NA,122442,NA,NA,NA,NA,NA,https://secure.rco.wa.gov/prism/search/projectsnapshot.aspx?ProjectNumber=15-1182,,122442
15-1189,2015,2015-1189,Big Quilcene River Floodplain Key Pieces,A,Active,6,Jefferson,Hood Canal,24,Quilcene-Snow (17),47.81945838,-122.8711594,Jefferson County of,Acquisition & Restoration,Big Quilcene River Floodplain Key Pieces,Puget Sound Acq. & Restoration,587319,98401, MATCH,587319,103646,690965,587319,NA,NA,NA,NA,NA,NA,NA,NA,NA,https://secure.rco.wa.gov/prism/search/projectsnapshot.aspx?ProjectNumber=15-1189,,NA
15-1191,2015,2015-1191,Hood Canal Bridge Impact Assessment,P,Active,6,Jefferson,Hood Canal,24,Quilcene-Snow (17),47.86132841,-122.6271954,Long Live the Kings,Planning,Hood Canal Bridge Impact Assessment,Salmon Federal Projects,173852,98104, 98401, MATCH,687766,153577,841343,513914,NA,NA,NA,NA,173852,NA,NA,NA,NA,https://secure.rco.wa.gov/prism/search/projectsnapshot.aspx?ProjectNumber=15-1191,173852,NA
15-1192,2015,2015-1192,Salmon Creek Bridge Construction, West Uncas Road,R,Active,6,Jefferson,DUNGENESS/ELWHA,24,Quilcene-Snow (17),47.98023538,-122.8965374,Jefferson County of,Restoration,Salmon Creek Bridge Construction, West Uncas Road,Puget Sound Acq. & Restoration,788800,98401, MATCH,788800,139200,928000,788800,NA,NA,NA,NA,NA,NA,NA,NA,NA,https://secure.rco.wa.gov/prism/search/projectsnapshot.aspx?ProjectNumber=15-1192,,NA
15-1195,2015,2015-1195,Skokomish Valley Rd Realignment Conceptual Design,P,Active,6,Mason,Skokomish,35,Skokomish-Dosewallips (16),47.31334934,-123.2489552,Mason Conservation Dist,Planning,Skokomish Valley Rd Realignment Conceptual Design,Puget Sound Acq. & Restoration,362990,98401, MATCH,362990,64175,427165,362990,NA,NA,NA,NA,NA,NA,NA,NA,NA,https://secure.rco.wa.gov/prism/search/projectsnapshot.aspx?ProjectNumber=15-1195,,NA
15-1196,2015,2015-1196,Upper SF Skokomish Channel - Floodplain Assessment,P,Active,6,Mason,Skokomish,35,Skokomish-Dosewallips (16),47.42556933,-123.3530403,Mason Conservation Dist,Planning,Upper SF Skokomish Channel - Floodplain Assessment,Puget Sound Acq. & Restoration,305213,98401, MATCH,305213,53900,359113,305213,NA,NA,NA,NA,NA,NA,NA,NA,NA,https://secure.rco.wa.gov/prism/search/projectsnapshot.aspx?ProjectNumber=15-1196,,NA
15-1197,2015,2015-1197,Weaver Creek Reconnection,R,Active,6,Mason,Skokomish,35,Skokomish-Dosewallips (16),47.30549235,-123.1615792,Mason Conservation Dist,Restoration,Weaver Creek Reconnection,Puget Sound Acq. & Restoration,199574,98401, MATCH,199574,152785,352359,199574,NA,NA,NA,NA,NA,NA,NA,NA,NA,https://secure.rco.wa.gov/prism/search/projectsnapshot.aspx?ProjectNumber=15-1197,,NA
15-1205,2015,2015-1205,Lower Mainstem Skokomish LWD Design Ð HWY 101,P,Active,6,Mason,Skokomish,35,Skokomish-Dosewallips (16),47.31041835,-123.1781592,Mason Conservation Dist,Planning,Lower Mainstem Skokomish LWD Design â€“ HWY 101,Puget Sound Acq. & Restoration,265302,98401, MATCH,265302,47000,312302,265302,NA,NA,NA,NA,NA,NA,NA,NA,NA,https://secure.rco.wa.gov/prism/search/projectsnapshot.aspx?ProjectNumber=15-1205,,NA
15-1348,2015,2015-1348,Hood Canal Regional Salmon Recovery Organization,C,Active,6,Kitsap,KITSAP,23,Kitsap (15),47.72440641,-122.6392903,Hood Canal Coord Council,Operations & Planning,Hood Canal Regional Salmon Recovery Organization,Salmon Federal Activities,717783,10405, 10407, 98302, 98402,1340537,0,1340537,NA,NA,481876,NA,NA,NA,NA,717783,53705,87173,https://secure.rco.wa.gov/prism/search/projectsnapshot.aspx?ProjectNumber=15-1348,717783 87173,53705
15-1408,2015,2015-1408,West Sound Watersheds Council Lead Entity 2015-17,P,Active,6,Kitsap,KITSAP,26,Kitsap (15),47.53802641,-122.6390093,Kitsap County Comm Development,Planning,West Sound Watersheds Council Lead Entity 2015-17,Salmon-LE Fed Contracts,45489,10405, 10407, 98402,194509,0,194509,NA,NA,134509,NA,NA,NA,NA,NA,14511,45489,https://secure.rco.wa.gov/prism/search/projectsnapshot.aspx?ProjectNumber=15-1408,45489,14511
15-1412,2015,2015-1412,WRIA14 Salmon Habitat Recovery Lead Entity 2015-17,P,Active,10,Mason,KITSAP,35,Kennedy-Goldsborough (14),47.19409936,-123.0987282,Mason Conservation Dist,Planning,WRIA14 Salmon Habitat Recovery Lead Entity 2015-17,Salmon-LE Fed Contracts,75369,10405, 10407, 98402,250429,0,250429,NA,NA,144771,NA,NA,NA,NA,NA,30289,75369,https://secure.rco.wa.gov/prism/search/projectsnapshot.aspx?ProjectNumber=15-1412,75369,30289
15-1471,2015,2015-1471,Illahee Forest Preserve,A,Active,6,Kitsap,KITSAP,23,Kitsap (15),47.60783442,-122.6065853,Kitsap County of,Acquisition,Illahee Forest Preserve,PSAR Large Capital Projects,3e+05,98404,3e+05,0,3e+05,NA,300000,NA,NA,NA,NA,NA,NA,NA,NA,https://secure.rco.wa.gov/prism/search/projectsnapshot.aspx?ProjectNumber=15-1471,,NA
Aug-57,2008,2008-2157,Phase 2 Tarboo Bay Land Acquisition,A,Closed Comp,6,Jefferson,Hood Canal,24,Quilcene-Snow (17),47.85949602,-122.8127088,NA,NA,NA,NA,NA,NA,NA,NA,NA,NA,NA,NA,NA,NA,NA,NA,NA,NA,NA,NA,NA,NA
Aug-90,2008,2008-1990,Big Quilcene River ELJ Restoration Phase 2,R,Closed Comp,6,Jefferson,Hood Canal,24,Quilcene-Snow (17),47.81110006,-122.9058166,NA,NA,NA,NA,NA,NA,NA,NA,NA,NA,NA,NA,NA,NA,NA,NA,NA,NA,NA,NA,NA,NA
Jul-15,2007,2007-1915,Dosewallips & Duckabush ELJ Design,P,Closed Comp,6,Jefferson,Hood Canal,24,Skokomish-Dosewallips (16),47.72159702,-123.0010609,NA,NA,NA,NA,NA,NA,NA,NA,NA,NA,NA,NA,NA,NA,NA,NA,NA,NA,NA,NA,NA,NA
Jul-16,2007,2007-1916,Lower Dosewallips Floodplain & Estuary Restoration,R,Closed Comp,6,Jefferson,Hood Canal,24,Skokomish-Dosewallips (16),47.68529158,-122.8966308,NA,NA,NA,NA,NA,NA,NA,NA,NA,NA,NA,NA,NA,NA,NA,NA,NA,NA,NA,NA,NA,NA
Jul-21,2007,2007-2021,Union River and Bear Creek Headwaters,A,Closed Comp,6,Kitsap,Hood Canal,35,Kitsap (15),47.51057295,-122.8260406,NA,NA,NA,NA,NA,NA,NA,NA,NA,NA,NA,NA,NA,NA,NA,NA,NA,NA,NA,NA,NA,NA
Jul-25,2007,2007-1925,Skokomish Confluence Reach Restoration Design,P,Closed Comp,6,Mason,Skokomish,35,Skokomish-Dosewallips (16),47.31630018,-123.2366249,NA,NA,NA,NA,NA,NA,NA,NA,NA,NA,NA,NA,NA,NA,NA,NA,NA,NA,NA,NA,NA,NA
