"Location_ID","Location_Name","Well_Tag_ID","USGS_Site_Number","County_Local_or_Regional_ID","Location_Setting","Location_Description","Ecology_Facility_Site_ID","Is_Location_a_Well","Address","City","State","Zip_Code","County","Watershed_WRIA","Ecology_Region","US_Congressional_District","State_Legislative_District","NHD_Reach_Code","NHD_Reach_Measure","NHD_Edit_Date","Calculated_Latitude_Decimal_Degrees_NAD83HARN","Calculated_Longitude_Decimal_Degrees_NAD83HARN","Horizontal_Coordinates_Represent","Horizontal_Coordinate_Accuracy","Horizontal_Coordinate_Collection_Method","Paper_Map_Scale","Township_Number","Township_Direction","Range_Number","Range_Direction","Section_Number","Quarter_Section_Township_Range","Quarter_Quarter_Section_Township_Range","Land_Surface_Elevation","Land_Surface_Elevation_Units","Land_Surface_Elevation_Datum","Land_Surface_Elevation_Accuracy","Land_Surface_Elevation_Collection_Method","Sediment_Elevation_Elevation_Reference","Groundwater_Location_Type","Well_Completion_Depth","Well_Completion_Depth_Units","Well_Completion_Type","Well_Open_Interval_Upper_Depth","Well_Open_Interval_Lower_Depth","Well_Open_Interval_Units","Well_Maximum_Casing_Diameter","Well_Maximum_Casing_Diameter_Units","Well_Casing_Material","Well_Construction_End_Date","Well_Construction_Method_Description","Well_Construction_Comment","Is_Well_Upgradient_of_a_Facility_Site","Aquifer_Test_Conducted","Naturally_Flowing_Well","Location_Suspect_or_Rejected_Flag","Location_Suspect_Code","Location_Suspect_Description","Well_Summary_Link","Location_ID_Alias","Associated_Study_ID","Record_Created_On","Location_System_ID"
"03005 MW-12I","HANSVILLE LF MW-12I","","","","Land","On native american land outside landfill. Follow trail that starts in Kwayachen housing development. 5 feet off road just past SW-1",,"Y","7791 NE Ecology Rd","Kingston","WA","98346","Kitsap","Kitsap","Northwest Regional Office",6,23,"",,,47.8459794385635,-122.555864638141,"Discrete monitoring point","+/- 0.1 ft (0.03 m)","Survey - conventional","",27,"N",2,"E",9,"SW","NE",,"","","","","","Monitoring Well",43,"FT","Cased, Open Interval",33,43,"FT",2,"IN","Plastic, pvc",,"","","","","","","","","https://fortress.wa.gov/ecy/eimreporting/Default.aspx?LocationUserId=03005 MW-12I","","FS2605",2/2/2012 12:46:14 PM,60492549
"03005 MW-13D","HANSVILLE LF MW-13D","","","","Land","On Kwayachen trail, turn right past SW-4, turn right at first trial to the right",,"Y","7791 NE Ecology Rd","Kingston","WA","98346","Kitsap","Kitsap","Northwest Regional Office",6,23,"",,,47.8485434681973,-122.555275468016,"Discrete monitoring point","+/- 0.1 ft (0.03 m)","Survey - conventional","",27,"N",2,"E",9,"NW","SE",,"","","","","","Monitoring Well",63,"FT","Cased, Open Interval",53,63,"FT",2,"IN","Plastic, pvc",,"","","","","","","","","https://fortress.wa.gov/ecy/eimreporting/Default.aspx?LocationUserId=03005 MW-13D","","FS2605",2/2/2012 12:46:16 PM,24950423
"03005 MW-14","HANSVILLE LF MW-14","","","","Land","At southwest edge of landfill perimeter road. 10 feet off roadway",,"Y","7791 NE Ecology Rd","Kingston","WA","98346","Kitsap","Kitsap","Northwest Regional Office",6,23,"",,,47.8472310045937,-122.550484735253,"Discrete monitoring point","+/- 0.1 ft (0.03 m)","Survey - conventional","",27,"N",2,"E",9,"NE","SW",,"","","","","","Monitoring Well",92,"FT","Cased, Open Interval",77,92,"FT",2,"IN","Plastic, pvc",,"","","","","","","","","https://fortress.wa.gov/ecy/eimreporting/Default.aspx?LocationUserId=03005 MW-14","","FS2605",2/2/2012 12:46:18 PM,12315326
"03005 MW-5","HANSVILLE LF MW-5","","","","Land","Outside of Landfill entrance, on south side of road approximately 5 feet",,"Y","7791 NE Ecology Rd","Kingston","WA","98346","Kitsap","Kitsap","Northwest Regional Office",6,23,"",,,47.8496374895539,-122.54552968031,"Discrete monitoring point","+/- 0.1 ft (0.03 m)","Survey - conventional","",27,"N",2,"E",9,"NE","",,"","","","","","Monitoring Well",130,"FT","Cased, Open Interval",120,130,"FT",2,"IN","Plastic, pvc",,"","","","","","","","","https://fortress.wa.gov/ecy/eimreporting/Default.aspx?LocationUserId=03005 MW-5","","FS2605",2/2/2012 12:46:11 PM,50695229
"03005 MW-6","HANSVILLE LF MW-6","","","","Land","West edge of landfill, approximately 10 feet off road in small depression",,"Y","7791 NE Ecology Rd","Kingston","WA","98346","Kitsap","Kitsap","Northwest Regional Office",6,23,"",,,47.8482615206223,-122.551209635308,"Discrete monitoring point","+/- 0.1 ft (0.03 m)","Survey - conventional","",27,"N",2,"E",9,"NE","SW",,"","","","","","Monitoring Well",86,"FT","Cased, Open Interval",71,86,"FT",2,"IN","Plastic, pvc",,"","","","","","","","","https://fortress.wa.gov/ecy/eimreporting/Default.aspx?LocationUserId=03005 MW-6","","FS2605",2/2/2012 12:46:12 PM,94988297
"03005 MW-7","HANSVILLE LF MW-7","","","","Land","North side of landfill, down trail at the top of the hill",,"Y","7791 NE Ecology Rd","Kingston","WA","98346","Kitsap","Kitsap","Northwest Regional Office",6,23,"",,,47.8510719774459,-122.550144481881,"Discrete monitoring point","+/- 0.1 ft (0.03 m)","Survey - conventional","",27,"N",2,"E",9,"NE","NW",,"","","","","","Monitoring Well",100,"FT","Cased, Open Interval",85,100,"FT",2,"IN","Plastic, pvc",,"","","","","","","","","https://fortress.wa.gov/ecy/eimreporting/Default.aspx?LocationUserId=03005 MW-7","","FS2605",2/2/2012 12:46:13 PM,6952296
"1490 MW-10","PURDY LF MW-10","","","","Land","Located approximately 475ft north of transfer station. Access by following trail to clearing for well.",1290,"Y","14515 54th Ave NW","Gig Harbor","WA","98332","Pierce","Kitsap","Southwest Regional Office",6,26,"",,,47.3933280009398,-122.608383,"Discrete monitoring point","+/- 20 ft (6 m)","Computer map - GIS-based","",,"",,"",,"","",,"","","","","","Monitoring Well",160,"FT","Cased, Open Interval",150,160,"FT",2,"IN","Plastic, pvc",8/21/1988 12:00:00 AM,"","Log unavailable","","","","","","","https://fortress.wa.gov/ecy/eimreporting/Default.aspx?LocationUserId=1490 MW-10","","VCSW1490",8/2/2016 4:32:17 PM,100046451
"1490 MW-4","PURDY LF MW-4","","","","Land","Located along the west property boundary, approximately 250ft north of the end of 58th Ave NW.",1290,"Y","14515 54th Ave NW","Gig Harbor","WA","98332","Pierce","Kitsap","Southwest Regional Office",6,26,"",,,47.3918980009398,-122.615495,"Discrete monitoring point","+/- 40 ft (12 m)","Computer map - GIS-based","",,"",,"",,"","",,"","","","","","Monitoring Well",44,"FT","Cased, Open Interval",34,44,"FT",2,"IN","Plastic, pvc",1/6/1986 12:00:00 AM,"Air Rotary","","","","","","","","https://fortress.wa.gov/ecy/eimreporting/Default.aspx?LocationUserId=1490 MW-4","","VCSW1490",8/2/2016 4:32:16 PM,100046447
"1490 MW-5","PURDY LF MW-5","","","","Land","Located along the northern road shoulder on the road between the transfer station and compost facility at the top of the berm.",1290,"Y","14515 54th Ave NW","Gig Harbor","WA","98332","Pierce","Kitsap","Southwest Regional Office",6,26,"",,,47.3926500009398,-122.610489,"Discrete monitoring point","+/- 20 ft (6 m)","Computer map - GIS-based","",,"",,"",,"","",,"","","","","","Monitoring Well",131,"FT","Cased, Open Interval",121,131,"FT",2,"IN","Plastic, pvc",12/18/1987 12:00:00 AM,"Air Rotary","","","","","","","","https://fortress.wa.gov/ecy/eimreporting/Default.aspx?LocationUserId=1490 MW-5","","VCSW1490",8/2/2016 4:32:17 PM,100046448
"1490 MW-7","PURDY LF MW-7","","","","Land","Located in along the main entrance road, approximately 150ft north-northeast of site entrance. Well is located at the north edge of the stormwater swale.",1290,"Y","14515 54th Ave NW","Gig Harbor","WA","98332","Pierce","Kitsap","Southwest Regional Office",6,26,"",,,47.3894260009398,-122.609686,"Discrete monitoring point","+/- 20 ft (6 m)","Computer map - GIS-based","",,"",,"",,"","",,"","","","","","Monitoring Well",135,"FT","Cased, Open Interval",125,135,"FT",2,"IN","Plastic, pvc",1/6/1986 12:00:00 AM,"Air Rotary","Well monument modified in 2012 following dammage from adjacent construction","","","","","","","https://fortress.wa.gov/ecy/eimreporting/Default.aspx?LocationUserId=1490 MW-7","","VCSW1490",8/2/2016 4:32:17 PM,100046449
"1490 MW-8","PURDY LF MW-8","","","","Land","Located approximately 730ft north-northwest of the stormwater detention pond and 500ft west of compost facility. Access is from trailhead at the stormwater pond.",1290,"Y","14515 54th Ave NW","Gig Harbor","WA","98332","Pierce","Kitsap","Southwest Regional Office",6,26,"",,,47.3941930009398,-122.614243,"Discrete monitoring point","+/- 40 ft (12 m)","Computer map - GIS-based","",,"",,"",,"","",,"","","","","","Monitoring Well",51,"FT","Cased, Open Interval",41,51,"FT",2,"IN","Plastic, pvc",8/29/1988 12:00:00 AM,"","Log unavailable","","","","","","","https://fortress.wa.gov/ecy/eimreporting/Default.aspx?LocationUserId=1490 MW-8","","VCSW1490",8/2/2016 4:32:17 PM,100046450
"AO#DE6815-MW-23","AO#DE6815-MW-23","","","","Land","Approximately 1621 feet southwest of the center of the site.",,"Y","","","WA","","Clallam","Elwah-Dungeness","Southwest Regional Office",6,24,"",,,48.1164564702332,-123.409443389495,"Discrete monitoring point","+/- 0.1 ft (0.03 m)","Computer map - GIS-based","Not Applicable",30,"N",6,"W",1,"SE","NE",,"","","","","","Monitoring Well",14,"FT","Cased, Open Interval",,,"",,"","Plastic, pvc",,"","","","","","","","","https://fortress.wa.gov/ecy/eimreporting/Default.aspx?LocationUserId=AO#DE6815-MW-23","","AODE6815",11/23/2011 2:53:28 PM,80250352
"AO#DE6815-MW-29","AO#DE6815-MW-29","","","","Land","Approximately 1736 feet southwest of the center of the site.",,"Y","","","WA","","Clallam","Elwah-Dungeness","Southwest Regional Office",6,24,"",,,48.1164676424868,-123.409868896652,"Discrete monitoring point","+/- 0.1 ft (0.03 m)","Computer map - GIS-based","Not Applicable",30,"N",6,"W",1,"SE","NE",,"","","","","","Monitoring Well",15.5,"FT","Cased, Open Interval",,,"",,"","Plastic, pvc",,"","","","","","","","","https://fortress.wa.gov/ecy/eimreporting/Default.aspx?LocationUserId=AO#DE6815-MW-29","","AODE6815",11/23/2011 2:53:30 PM,43822091
"AO#DE6815-MW-51","AO#DE6815-MW-51","","","","Land","Approximately 886 feet southwest of the center of the site.",,"Y","","","WA","","Clallam","Elwah-Dungeness","Southwest Regional Office",6,24,"",,,48.1178855939263,-123.407310482872,"Discrete monitoring point","+/- 0.1 ft (0.03 m)","Computer map - GIS-based","Not Applicable",30,"N",6,"W",1,"NW","NW",,"","","","","","Monitoring Well",23,"FT","Cased, Open Interval",,,"",,"","Plastic, pvc",,"","","","","","","","","https://fortress.wa.gov/ecy/eimreporting/Default.aspx?LocationUserId=AO#DE6815-MW-51","","AODE6815",11/23/2011 2:53:31 PM,89912852
"AO#DE6815-MW-52","AO#DE6815-MW-52","","","","Land","Approximately 2217 feet southwest of the center of the site.",,"Y","","","WA","","Clallam","Elwah-Dungeness","Southwest Regional Office",6,24,"",,,48.1159239182896,-123.412003553586,"Discrete monitoring point","+/- 0.1 ft (0.03 m)","Computer map - GIS-based","Not Applicable",30,"N",6,"W",1,"SE","NE",,"","","","","","Monitoring Well",23.5,"FT","Cased, Open Interval",,,"",,"","Plastic, pvc",,"","","","","","","","","https://fortress.wa.gov/ecy/eimreporting/Default.aspx?LocationUserId=AO#DE6815-MW-52","","AODE6815",11/23/2011 2:53:32 PM,36807149
"AO#DE6815-MW-53","AO#DE6815-MW-53","","","","Land","Approximately 1623 feet southwest of the center of the site.",,"Y","","","WA","","Clallam","Elwah-Dungeness","Southwest Regional Office",6,24,"",,,48.1170339679172,-123.410007742961,"Discrete monitoring point","+/- 0.1 ft (0.03 m)","Computer map - GIS-based","Not Applicable",30,"N",6,"W",1,"SE","NE",,"","","","","","Monitoring Well",14,"FT","Cased, Open Interval",,,"",,"","Plastic, pvc",,"","","","","","","","","https://fortress.wa.gov/ecy/eimreporting/Default.aspx?LocationUserId=AO#DE6815-MW-53","","AODE6815",11/23/2011 2:53:33 PM,28157832
"AO#DE6815-MW-54","AO#DE6815-MW-54","","","","Land","Approximately 1430 feet west of the center of the site.",,"Y","","","WA","","Clallam","Elwah-Dungeness","Southwest Regional Office",6,24,"",,,48.1175303797335,-123.409539496194,"Discrete monitoring point","+/- 0.1 ft (0.03 m)","Computer map - GIS-based","Not Applicable",30,"N",6,"W",1,"NW","NW",,"","","","","","Monitoring Well",23,"FT","Cased, Open Interval",,,"",,"","Plastic, pvc",,"","","","","","","","","https://fortress.wa.gov/ecy/eimreporting/Default.aspx?LocationUserId=AO#DE6815-MW-54","","AODE6815",11/23/2011 2:53:33 PM,13420672
"AO#DE6815-MW-55","AO#DE6815-MW-55","","","","Land","Approximately 1282 feet west of the center of the site.",,"Y","","","WA","","Clallam","Elwah-Dungeness","Southwest Regional Office",6,24,"",,,48.1178353181959,-123.409275647309,"Discrete monitoring point","+/- 0.1 ft (0.03 m)","Computer map - GIS-based","Not Applicable",30,"N",6,"W",1,"NW","NW",,"","","","","","Monitoring Well",27.5,"FT","Cased, Open Interval",,,"",,"","Plastic, pvc",,"","","","","","","","","https://fortress.wa.gov/ecy/eimreporting/Default.aspx?LocationUserId=AO#DE6815-MW-55","","AODE6815",11/23/2011 2:53:34 PM,44392322
"AO#DE6815-MW-56","AO#DE6815-MW-56","","","","Land","Approximately 864 feet south of the center of the site.",,"Y","","","WA","","Clallam","Elwah-Dungeness","Southwest Regional Office",6,24,"",,,48.117648012582,-123.406310127829,"Discrete monitoring point","+/- 0.1 ft (0.03 m)","Computer map - GIS-based","Not Applicable",30,"N",6,"W",1,"NW","NW",,"","","","","","Monitoring Well",31,"FT","Cased, Open Interval",,,"",,"","Plastic, pvc",,"","","","","","","","","https://fortress.wa.gov/ecy/eimreporting/Default.aspx?LocationUserId=AO#DE6815-MW-56","","AODE6815",11/23/2011 2:53:35 PM,48410933
"AO#DE6815-MW-57","AO#DE6815-MW-57","","","","Land","Approximately 1303 feet southwest of the center of the site.",,"Y","","","WA","","Clallam","Elwah-Dungeness","Southwest Regional Office",6,24,"",,,48.1172610284137,-123.408632908689,"Discrete monitoring point","+/- 0.1 ft (0.03 m)","Computer map - GIS-based","Not Applicable",30,"N",6,"W",1,"NW","NW",,"","","","","","Monitoring Well",29,"FT","Cased, Open Interval",,,"",,"","Plastic, pvc",,"","","","","","","","","https://fortress.wa.gov/ecy/eimreporting/Default.aspx?LocationUserId=AO#DE6815-MW-57","","AODE6815",11/23/2011 2:53:36 PM,38281284
"AO#DE6815-MW-58","AO#DE6815-MW-58","","","","Land","Approximately 1186 feet south of the center of the site.",,"Y","","","WA","","Clallam","Elwah-Dungeness","Southwest Regional Office",6,24,"",,,48.1169076808476,-123.406822043353,"Discrete monitoring point","+/- 0.1 ft (0.03 m)","Computer map - GIS-based","Not Applicable",30,"N",6,"W",1,"NW","NW",,"","","","","","Monitoring Well",20,"FT","Cased, Open Interval",,,"",,"","Plastic, pvc",,"","","","","","","","","https://fortress.wa.gov/ecy/eimreporting/Default.aspx?LocationUserId=AO#DE6815-MW-58","","AODE6815",11/23/2011 2:53:36 PM,44478188
"AO#DE6815-MW-59","AO#DE6815-MW-59","","","","Land","Approximately 2046 feet south of the center of the site.",,"Y","","","WA","","Clallam","Elwah-Dungeness","Southwest Regional Office",6,24,"",,,48.1150107448978,-123.400743965469,"Discrete monitoring point","+/- 0.1 ft (0.03 m)","Computer map - GIS-based","Not Applicable",30,"N",6,"W",1,"NW","NW",,"","","","","","Monitoring Well",25,"FT","Cased, Open Interval",,,"",,"","Plastic, pvc",,"","","","","","","","","https://fortress.wa.gov/ecy/eimreporting/Default.aspx?LocationUserId=AO#DE6815-MW-59","","AODE6815",11/23/2011 2:53:37 PM,40606198
"AO#DE6815-PZ-10","AO#DE6815-PZ-10","","","","Land","Approximately 1891 feet south of the center of the site.",,"Y","","","WA","","Clallam","Elwah-Dungeness","Southwest Regional Office",6,24,"",,,48.1149010264597,-123.402493636262,"Discrete monitoring point","+/- 0.1 ft (0.03 m)","Computer map - GIS-based","Not Applicable",30,"N",6,"W",1,"NW","NW",,"","","","","","Monitoring Well",19.25,"FT","Cased, Open Interval",,,"",,"","Plastic, pvc",,"","","","","","","","","https://fortress.wa.gov/ecy/eimreporting/Default.aspx?LocationUserId=AO#DE6815-PZ-10","","AODE6815",11/23/2011 2:53:49 PM,6170705
"AO#DE6815-PZ-11","AO#DE6815-PZ-11","","","","Land","Approximately 2281 feet south of the center of the site.",,"Y","","","WA","","Clallam","Elwah-Dungeness","Southwest Regional Office",6,24,"",,,48.1137378630409,-123.403992275966,"Discrete monitoring point","+/- 0.1 ft (0.03 m)","Computer map - GIS-based","Not Applicable",30,"N",6,"W",1,"NW","NW",,"","","","","","Monitoring Well",15,"FT","Cased, Open Interval",,,"",,"","Plastic, pvc",,"","","","","","","","","https://fortress.wa.gov/ecy/eimreporting/Default.aspx?LocationUserId=AO#DE6815-PZ-11","","AODE6815",11/23/2011 2:53:49 PM,67028019
"AO#DE6815-PZ-12","AO#DE6815-PZ-12","","","","Land","Approximately 2411 feet south of the center of the site.",,"Y","","","WA","","Clallam","Elwah-Dungeness","Southwest Regional Office",6,24,"",,,48.1131521710365,-123.405110366706,"Discrete monitoring point","+/- 0.1 ft (0.03 m)","Computer map - GIS-based","Not Applicable",30,"N",6,"W",1,"NW","NW",,"","","","","","Monitoring Well",22.5,"FT","Cased, Open Interval",,,"",,"","Plastic, pvc",,"","","","","","","","","https://fortress.wa.gov/ecy/eimreporting/Default.aspx?LocationUserId=AO#DE6815-PZ-12","","AODE6815",11/23/2011 2:53:50 PM,55086629
"AO#DE6815-PZ-2","AO#DE6815-PZ-2","","","","Land","Approximately 1570 feet southwest of the center of the site.",,"Y","","","WA","","Clallam","Elwah-Dungeness","Southwest Regional Office",6,24,"",,,48.11685863182,-123.409631494595,"Discrete monitoring point","+/- 0.1 ft (0.03 m)","Computer map - GIS-based","Not Applicable",30,"N",6,"W",1,"SE","NE",,"","","","","","Monitoring Well",20,"FT","Cased, Open Interval",,,"",,"","Plastic, pvc",,"","","","","","","","","https://fortress.wa.gov/ecy/eimreporting/Default.aspx?LocationUserId=AO#DE6815-PZ-2","","AODE6815",11/23/2011 2:53:51 PM,84643543
"AO#DE6815-PZ-3","AO#DE6815-PZ-3","","","","Land","Approximately 1169 feet southwest of the center of the site.",,"Y","","","WA","","Clallam","Elwah-Dungeness","Southwest Regional Office",6,24,"",,,48.117744846203,-123.408587321224,"Discrete monitoring point","+/- 0.1 ft (0.03 m)","Computer map - GIS-based","Not Applicable",30,"N",6,"W",1,"NW","NW",,"","","","","","Monitoring Well",19.5,"FT","Cased, Open Interval",,,"",,"","Plastic, pvc",,"","","","","","","","","https://fortress.wa.gov/ecy/eimreporting/Default.aspx?LocationUserId=AO#DE6815-PZ-3","","AODE6815",11/23/2011 2:53:51 PM,20401086
"AO#DE6815-PZ-4","AO#DE6815-PZ-4","","","","Land","Approximately 1521 feet southwest of the center of the site.",,"Y","","","WA","","Clallam","Elwah-Dungeness","Southwest Regional Office",6,24,"",,,48.1163254816735,-123.408265179596,"Discrete monitoring point","+/- 0.1 ft (0.03 m)","Computer map - GIS-based","Not Applicable",30,"N",6,"W",1,"NW","NW",,"","","","","","Monitoring Well",16,"FT","Cased, Open Interval",,,"",,"","Plastic, pvc",,"","","","","","","","","https://fortress.wa.gov/ecy/eimreporting/Default.aspx?LocationUserId=AO#DE6815-PZ-4","","AODE6815",11/23/2011 2:53:52 PM,39584456
"AO#DE6815-PZ-5","AO#DE6815-PZ-5","","","","Land","Approximately 1732 feet south of the center of the site.",,"Y","","","WA","","Clallam","Elwah-Dungeness","Southwest Regional Office",6,24,"",,,48.1151519032865,-123.406083122909,"Discrete monitoring point","+/- 0.1 ft (0.03 m)","Computer map - GIS-based","Not Applicable",30,"N",6,"W",1,"NW","NW",,"","","","","","Monitoring Well",15,"FT","Cased, Open Interval",,,"",,"","Plastic, pvc",,"","","","","","","","","https://fortress.wa.gov/ecy/eimreporting/Default.aspx?LocationUserId=AO#DE6815-PZ-5","","AODE6815",11/23/2011 2:53:53 PM,813421
"AO#DE6815-PZ-6","AO#DE6815-PZ-6","","","","Land","Approximately 2302 feet south of the center of the site.",,"Y","","","WA","","Clallam","Elwah-Dungeness","Southwest Regional Office",6,24,"",,,48.1140201348009,-123.406966178167,"Discrete monitoring point","+/- 0.1 ft (0.03 m)","Computer map - GIS-based","Not Applicable",30,"N",6,"W",1,"NW","NW",,"","","","","","Monitoring Well",14.5,"FT","Cased, Open Interval",,,"",,"","Plastic, pvc",,"","","","","","","","","https://fortress.wa.gov/ecy/eimreporting/Default.aspx?LocationUserId=AO#DE6815-PZ-6","","AODE6815",11/23/2011 2:53:53 PM,60780779
"AO#DE6815-PZ-7","AO#DE6815-PZ-7","","","","Land","Approximately 1997 feet south of the center of the site.",,"Y","","","WA","","Clallam","Elwah-Dungeness","Southwest Regional Office",6,24,"",,,48.114572005107,-123.405272725368,"Discrete monitoring point","+/- 0.1 ft (0.03 m)","Computer map - GIS-based","Not Applicable",30,"N",6,"W",1,"NW","NW",,"","","","","","Monitoring Well",19.5,"FT","Cased, Open Interval",,,"",,"","Plastic, pvc",,"","","","","","","","","https://fortress.wa.gov/ecy/eimreporting/Default.aspx?LocationUserId=AO#DE6815-PZ-7","","AODE6815",11/23/2011 2:53:54 PM,70079986
"AO#DE6815-PZ-9","AO#DE6815-PZ-9","","","","Land","Approximately 1738 feet south of the center of the site.",,"Y","","","WA","","Clallam","Elwah-Dungeness","Southwest Regional Office",6,24,"",,,48.1155484615702,-123.402513523024,"Discrete monitoring point","+/- 0.1 ft (0.03 m)","Computer map - GIS-based","Not Applicable",30,"N",6,"W",1,"NW","NW",,"","","","","","Monitoring Well",22,"FT","Cased, Open Interval",,,"",,"","Plastic, pvc",,"","","","","","","","","https://fortress.wa.gov/ecy/eimreporting/Default.aspx?LocationUserId=AO#DE6815-PZ-9","","AODE6815",11/23/2011 2:53:55 PM,10492898
"AODE8462-MW-13A","AODE8462 MW-13A","","","","Land","Drive toward the gate (east) on the SE corner of the perimeter road. Turn south. Well is on the right.",,"Y","","","WA","","Kitsap","Kitsap","Northwest Regional Office",6,35,"",,,47.4993537165746,-122.77967450293,"Discrete monitoring point","+/- 0.1 ft (0.03 m)","Survey - conventional","",23,"N",1,"W",10,"NE","SE",,"","","","","","Monitoring Well",155,"FT","Cased, Open Interval",145,155,"FT",,"","",,"","","","N","","","","","https://fortress.wa.gov/ecy/eimreporting/Default.aspx?LocationUserId=AODE8462-MW-13A","","AODE8462",10/17/2011 11:13:22 AM,14667465
"AODE8462-MW-13B","AODE8462 MW-13B","","","","Land","Drive toward the gate (east) on the SE corner of the perimeter road. Turn south. Well is on the right.",,"Y","","","WA","","Kitsap","Kitsap","Northwest Regional Office",6,35,"",,,47.49932631043,-122.779673479895,"Discrete monitoring point","+/- 0.1 ft (0.03 m)","Survey - conventional","",23,"N",1,"W",10,"SE","NE",,"","","","","","Monitoring Well",260,"FT","Cased, Open Interval",250,260,"FT",,"","",,"","","","N","","","","","https://fortress.wa.gov/ecy/eimreporting/Default.aspx?LocationUserId=AODE8462-MW-13B","","AODE8462",10/17/2011 11:13:24 AM,21049306
"AODE8462-MW-15R","AODE8462 MW-15R","","","","Land","Northeast of logged area perimeter, follow road to termination, well located over the banked end of road.",,"Y","","","WA","","Kitsap","Kitsap","Northwest Regional Office",6,35,"",,,47.5038216300428,-122.786459232028,"Discrete monitoring point","+/- 0.1 ft (0.03 m)","Survey - conventional","",23,"N",1,"W",10,"NE","NW",,"","","","","","Monitoring Well",33,"FT","Cased, Open Interval",23,33,"FT",,"","",,"","","","N","","","","","https://fortress.wa.gov/ecy/eimreporting/Default.aspx?LocationUserId=AODE8462-MW-15R","","AODE8462",10/17/2011 11:13:25 AM,94836118
"AODE8462-MW-16","AODE8462 MW-16","","","","Land","Concrete pad directly to the SW of well. Access by road on the east side of pad.",,"Y","","","WA","","Kitsap","Kitsap","Northwest Regional Office",6,35,"",,,47.5064006506873,-122.779922049897,"Discrete monitoring point","+/- 0.1 ft (0.03 m)","Survey - conventional","",23,"N",1,"W",10,"NE","NE",,"","","","","","Monitoring Well",70,"FT","Cased, Open Interval",60,70,"FT",,"","",,"","","","N","","","","","https://fortress.wa.gov/ecy/eimreporting/Default.aspx?LocationUserId=AODE8462-MW-16","","AODE8462",10/17/2011 11:13:26 AM,65433291
"AODE8462-MW-19C","AODE8462 MW-19C","","","","Land","West side of guard rail.",,"Y","","","WA","","Kitsap","Kitsap","Northwest Regional Office",6,35,"",,,47.4999781782798,-122.789088638239,"Discrete monitoring point","+/- 0.1 ft (0.03 m)","Survey - conventional","",23,"N",1,"W",10,"","",,"","","","","","Monitoring Well",90,"FT","Cased, Open Interval",85,90,"FT",,"","",,"","","","N","","","","","https://fortress.wa.gov/ecy/eimreporting/Default.aspx?LocationUserId=AODE8462-MW-19C","","AODE8462",10/17/2011 11:13:27 AM,39738102
"AODE8462-MW-20","AODE8462 MW-20","","","","Land","Located just before the gate into the leachate pond area on the north side of the perimeter raod in a large clump of blackberries. Well is a ground level.",,"Y","","","WA","","Kitsap","Kitsap","Northwest Regional Office",6,35,"",,,47.5008850814492,-122.788974056182,"Discrete monitoring point","+/- 0.1 ft (0.03 m)","Survey - conventional","",23,"N",1,"W",10,"NE","SW",,"","","","","","Monitoring Well",49,"FT","Cased, Open Interval",34,49,"FT",,"","",,"","","","N","","","","","https://fortress.wa.gov/ecy/eimreporting/Default.aspx?LocationUserId=AODE8462-MW-20","","AODE8462",10/17/2011 11:13:27 AM,86889215
"AODE8462-MW-23A","AODE8462 MW-23A","","","","Land","Access road contours along below the perimeter road. Access road branches from perimeter road west of MW-24. Must be looking west to see this road. Often very overgrown with blackberries.",,"Y","","","WA","","Kitsap","Kitsap","Northwest Regional Office",6,35,"",,,47.5026987912388,-122.784904283587,"Discrete monitoring point","+/- 0.1 ft (0.03 m)","Survey - conventional","",23,"N",1,"W",10,"NE","",,"","","","","","Monitoring Well",23,"FT","Cased, Open Interval",8,23,"FT",,"","",,"","","","N","","","","","https://fortress.wa.gov/ecy/eimreporting/Default.aspx?LocationUserId=AODE8462-MW-23A","","AODE8462",10/17/2011 11:13:28 AM,98039076
"AODE8462-MW-24","AODE8462 MW-24","","","","Land","In manhole on perimeter road.",,"Y","","","WA","","Kitsap","Kitsap","Northwest Regional Office",6,35,"",,,47.5035671782239,-122.78373036248,"Discrete monitoring point","+/- 0.1 ft (0.03 m)","Survey - conventional","",23,"N",1,"W",10,"NE","",,"","","","","","Monitoring Well",42,"FT","Cased, Open Interval",27,42,"FT",,"","",,"","","","N","","","","","https://fortress.wa.gov/ecy/eimreporting/Default.aspx?LocationUserId=AODE8462-MW-24","","AODE8462",10/17/2011 11:13:29 AM,97394532
"AODE8462-MW-29A","AODE8462 MW-29A","","","","Land","On the western nose of the perimeter road.",,"Y","","","WA","","Kitsap","Kitsap","Northwest Regional Office",6,35,"",,,47.5000528059055,-122.792751192077,"Discrete monitoring point","+/- 0.1 ft (0.03 m)","Survey - conventional","",23,"N",1,"W",10,"NW","SE",,"","","","","","Monitoring Well",25,"FT","Cased, Open Interval",20,25,"FT",,"","",,"","","","N","","","","","https://fortress.wa.gov/ecy/eimreporting/Default.aspx?LocationUserId=AODE8462-MW-29A","","AODE8462",10/17/2011 11:13:30 AM,23203989
"AODE8462-MW-2B1","AODE8462 MW-2B1","","","","Land","North side of the start of the logged area perimter road, as it branches from main perimeter road.",,"Y","","","WA","","Kitsap","Kitsap","Northwest Regional Office",6,35,"",,,47.5019661524722,-122.787064186182,"Discrete monitoring point","+/- 0.1 ft (0.03 m)","Survey - conventional","",23,"N",1,"W",10,"NE","SW",,"","","","","","Monitoring Well",18,"FT","Cased, Open Interval",8,18,"FT",,"","",,"","","","N","","","","","https://fortress.wa.gov/ecy/eimreporting/Default.aspx?LocationUserId=AODE8462-MW-2B1","","AODE8462",10/17/2011 11:13:31 AM,22694620
"AODE8462-MW-32","AODE8462 MW-32","","","","Land","Drive around the nose of the perimeter road, on the north side. Access road branches NE. Well often is surrounded with some water",,"Y","","","WA","","Kitsap","Kitsap","Northwest Regional Office",6,35,"",,,47.5009994261085,-122.791706577678,"Discrete monitoring point","+/- 0.1 ft (0.03 m)","Survey - conventional","",23,"N",1,"W",10,"NW","SE",,"","","","","","Monitoring Well",21,"FT","Cased, Open Interval",16,21,"FT",,"","",,"","","","N","","","","","https://fortress.wa.gov/ecy/eimreporting/Default.aspx?LocationUserId=AODE8462-MW-32","","AODE8462",10/17/2011 11:13:31 AM,69886104
"AODE8462-MW-33A","AODE8462 MW-33A","","","","Land","Access through private property.",,"Y","","","WA","","Kitsap","Kitsap","Northwest Regional Office",6,35,"",,,47.5020302748777,-122.794789329822,"Discrete monitoring point","+/- 0.1 ft (0.03 m)","Survey - conventional","",23,"N",1,"W",10,"NW","",,"","","","","","Monitoring Well",20,"FT","Cased, Open Interval",5,20,"FT",,"","",,"","","","N","","","","","https://fortress.wa.gov/ecy/eimreporting/Default.aspx?LocationUserId=AODE8462-MW-33A","","AODE8462",10/17/2011 11:13:32 AM,41861797
"AODE8462-MW-33C","AODE8462 MW-33C","","","","Land","Access through private property.",,"Y","","","WA","","Kitsap","Kitsap","Northwest Regional Office",6,35,"",,,47.5019754628604,-122.794787267761,"Discrete monitoring point","+/- 0.1 ft (0.03 m)","Survey - conventional","",23,"N",1,"W",10,"NW","",,"","","","","","Monitoring Well",65,"FT","Cased, Open Interval",55,65,"FT",,"","",,"","","","N","","","","","https://fortress.wa.gov/ecy/eimreporting/Default.aspx?LocationUserId=AODE8462-MW-33C","","AODE8462",10/17/2011 11:13:33 AM,67770723
"AODE8462-MW-34A","AODE8462 MW-34A","","","","Land","West of logged area perimeter.",,"Y","","","WA","","Kitsap","Kitsap","Northwest Regional Office",6,35,"",,,47.5023588906481,-122.789567786596,"Discrete monitoring point","+/- 0.1 ft (0.03 m)","Survey - conventional","",23,"N",1,"W",10,"NE","SW",,"","","","","","Monitoring Well",48,"FT","Cased, Open Interval",28,48,"FT",,"","",,"","","","N","","","","","https://fortress.wa.gov/ecy/eimreporting/Default.aspx?LocationUserId=AODE8462-MW-34A","","AODE8462",10/17/2011 11:13:34 AM,44064052
"AODE8462-MW-34C","AODE8462 MW-34C","","","","Land","West of logged area perimeter.",,"Y","","","WA","","Kitsap","Kitsap","Northwest Regional Office",6,35,"",,,47.5023598759243,-122.789510599455,"Discrete monitoring point","+/- 0.1 ft (0.03 m)","Survey - conventional","",23,"N",1,"W",10,"NE","SW",,"","","","","","Monitoring Well",98,"FT","Cased, Open Interval",83,98,"FT",,"","",,"","","","N","","","","","https://fortress.wa.gov/ecy/eimreporting/Default.aspx?LocationUserId=AODE8462-MW-34C","","AODE8462",10/17/2011 11:13:35 AM,34271500
"AODE8462-MW-35","AODE8462 MW-35","","","","Land","This well is outside the property. Turn left after the railroad tracks (N side of tracks) just before site entrance. Drive along dirt road headed south. Well is before the looped turn-around on the east side of the dirt road in a scotchbroom patch.",,"Y","","","WA","","Kitsap","Kitsap","Northwest Regional Office",6,35,"",,,47.5012573382218,-122.778064092033,"Discrete monitoring point","+/- 0.1 ft (0.03 m)","Survey - conventional","",23,"N",1,"W",11,"NW","SW",,"","","","","","Monitoring Well",149,"FT","Cased, Open Interval",139,149,"FT",,"","",,"","","","N","","","","","https://fortress.wa.gov/ecy/eimreporting/Default.aspx?LocationUserId=AODE8462-MW-35","","AODE8462",10/17/2011 11:13:36 AM,75994771
"AODE8462-MW-36a","AODE8462 MW-36a","","","","Land","SW of leachate pond, north of perimeter road.",,"Y","","","WA","","Kitsap","Kitsap","Northwest Regional Office",6,35,"",,,47.5033539541771,-122.789582580743,"Discrete monitoring point","+/- 0.1 ft (0.03 m)","Survey - conventional","",23,"N",1,"W",10,"NE","NW",,"","","","","","Monitoring Well",50,"FT","Cased, Open Interval",45,50,"FT",,"","",,"","","","N","","","","","https://fortress.wa.gov/ecy/eimreporting/Default.aspx?LocationUserId=AODE8462-MW-36a","","AODE8462",10/17/2011 11:13:41 AM,67530739
"AODE8462-MW-39","AODE8462 MW-39","","","","Land","Offshoot of perimeter road, north of the stormwater pond.",,"Y","","","WA","","Kitsap","Kitsap","Northwest Regional Office",6,35,"",,,47.5051183424366,-122.784022723886,"Discrete monitoring point","+/- 0.1 ft (0.03 m)","Survey - conventional","",23,"N",1,"W",10,"NE","NE",,"","","","","","Monitoring Well",25,"FT","Cased, Open Interval",15,25,"FT",,"","",,"","","","N","","","","","https://fortress.wa.gov/ecy/eimreporting/Default.aspx?LocationUserId=AODE8462-MW-39","","AODE8462",10/17/2011 11:13:38 AM,27077065
"AODE8462-MW-4","AODE8462 MW-4","","","","Land","South of trailer, past fence line, on south side of gully.",,"Y","","","WA","","Kitsap","Kitsap","Northwest Regional Office",6,35,"",,,47.499361464579,-122.7896255332,"Discrete monitoring point","+/- 0.1 ft (0.03 m)","Survey - conventional","",23,"N",1,"W",10,"","",,"","","","","","Monitoring Well",34,"FT","Cased, Open Interval",24,34,"FT",,"","",,"","","","N","","","","","https://fortress.wa.gov/ecy/eimreporting/Default.aspx?LocationUserId=AODE8462-MW-4","","AODE8462",10/17/2011 11:13:39 AM,8761214
"AODE8462-MW-42","AODE8462 MW-42","","","","Land","Northwest of logged area perimeter.",,"Y","","","WA","","Kitsap","Kitsap","Northwest Regional Office",6,35,"",,,47.5004169300331,-122.79075643978,"Discrete monitoring point","+/- 0.1 ft (0.03 m)","Survey - conventional","",23,"N",1,"W",10,"NW","SE",,"","","","","","Monitoring Well",33,"FT","Cased, Open Interval",28,33,"FT",,"","",,"","","","N","","","","","https://fortress.wa.gov/ecy/eimreporting/Default.aspx?LocationUserId=AODE8462-MW-42","","AODE8462",10/17/2011 11:13:37 AM,59052036
"AODE8462-MW-43","AODE8462 MW-43","","","","Land","NW of leachate pond, south of perimeter road.",,"Y","","","WA","","Kitsap","Kitsap","Northwest Regional Office",6,35,"",,,47.4996429168092,-122.790651707766,"Discrete monitoring point","+/- 0.1 ft (0.03 m)","Survey - conventional","",23,"N",1,"W",10,"","",,"","","","","","Monitoring Well",30,"FT","Cased, Open Interval",25,30,"FT",,"","",,"","","","N","","","","","https://fortress.wa.gov/ecy/eimreporting/Default.aspx?LocationUserId=AODE8462-MW-43","","AODE8462",10/17/2011 11:13:40 AM,65005518
"AODE8462-MW-9","AODE8462 MW-9","","","","Land","Enter the dry creek bed walking south before the bridge. Well is at ground level.",,"Y","","","WA","","Kitsap","Kitsap","Northwest Regional Office",6,35,"",,,47.4993240066169,-122.791849102373,"Discrete monitoring point","+/- 0.1 ft (0.03 m)","Survey - conventional","",23,"N",1,"W",10,"","",,"","","","","","Monitoring Well",140,"FT","Cased, Open Interval",135,140,"FT",,"","",,"","","","","","","","","https://fortress.wa.gov/ecy/eimreporting/Default.aspx?LocationUserId=AODE8462-MW-9","","AODE8462",10/17/2011 11:13:42 AM,80368417
"G1100201-MW-1","CROWNHILL MW-1","","","","Land","South Landfill Area, between SG-G1 and SG-G2 in Parking Lot Area south of School",99722456,"Y","1500 Rocky Point","Bremerton","WA","98312","Kitsap","Kitsap","Northwest Regional Office",6,35,"",,,47.5744775967297,-122.665550107578,"Discrete monitoring point","+/- 3 ft (1 m)","GPS survey-grade unit (carrier phase)","",24,"N",1,"E",15,"NW","",,"","","","","","Monitoring Well",,"ft","Cased, Open Interval",111,131,"ft",,"","",,"","","","","","","","","https://fortress.wa.gov/ecy/eimreporting/Default.aspx?LocationUserId=G1100201-MW-1","","G1100201",8/4/2015 10:52:28 AM,100031965
"G1100201-MW-10","CROWNHILL MW-10","","","","Land","West grid location NG-D1, between North and South Landfill Areas",99722456,"Y","1500 Rocky Point","Bremerton","WA","98312","Kitsap","Kitsap","Northwest Regional Office",6,35,"",,,47.5746996567614,-122.667156175395,"Discrete monitoring point","+/- 3 ft (1 m)","GPS survey-grade unit (carrier phase)","",24,"N",1,"E",15,"NW","",,"","","","","","Monitoring Well",,"ft","Cased, Open Interval",125,145,"ft",,"","",,"","","","","","","","","https://fortress.wa.gov/ecy/eimreporting/Default.aspx?LocationUserId=G1100201-MW-10","","G1100201",8/4/2015 10:52:33 AM,100031973
"G1100201-MW-11","CROWNHILL MW-11","","","","Land","South Landfill Area, between grid locations SG-J8 and SG-J9",99722456,"Y","1500 Rocky Point","Bremerton","WA","98312","Kitsap","Kitsap","Northwest Regional Office",6,35,"",,,47.5735061247016,-122.664884836116,"Discrete monitoring point","+/- 3 ft (1 m)","GPS survey-grade unit (carrier phase)","",24,"N",1,"E",15,"NW","SE",,"","","","","","Monitoring Well",,"ft","Cased, Open Interval",121,141,"ft",,"","",,"","","","","","","","","https://fortress.wa.gov/ecy/eimreporting/Default.aspx?LocationUserId=G1100201-MW-11","","G1100201",8/4/2015 10:52:34 AM,100031974
"G1100201-MW-12","CROWNHILL MW-12","","","","Land","North Landfill Area, between grid locations NG-E6 and NG-F6 and NG-E5 and NG-F5",99722456,"Y","1500 Rocky Point","Bremerton","WA","98312","Kitsap","Kitsap","Northwest Regional Office",6,35,"",,,47.5753682246149,-122.665833776754,"Discrete monitoring point","+/- 3 ft (1 m)","GPS consumer unit or unknown (code phase)","",24,"N",1,"E",15,"NW","NE",,"","","","","","Monitoring Well",,"ft","Cased, Open Interval",94,124,"ft",2,"in","Plastic, pvc",,"","","","","","","","","https://fortress.wa.gov/ecy/eimreporting/Default.aspx?LocationUserId=G1100201-MW-12","","G1100201",8/4/2015 10:52:35 AM,100031975
"G1100201-MW-14","CROWNHILL MW-14","","","","Land","North Landfill Area, between NG-F6 and NG-F7",99722456,"Y","1500 Rocky Point","Bremerton","WA","98312","Kitsap","Kitsap","Northwest Regional Office",6,35,"",,,47.5754831524479,-122.665790614298,"Discrete monitoring point","+/- 3 ft (1 m)","GPS consumer unit or unknown (code phase)","",24,"N",1,"E",15,"NW","NE",,"","","","","","Monitoring Well",,"ft","Cased, Open Interval",94,124,"ft",2,"in","Plastic, pvc",,"","","","","","","","","https://fortress.wa.gov/ecy/eimreporting/Default.aspx?LocationUserId=G1100201-MW-14","","G1100201",8/4/2015 10:52:36 AM,100031977
"G1100201-MW-15","CROWNHILL MW-15","","","","Land","North Landfill Area, between NG-D4 and NG-D5",99722456,"Y","1500 Rocky Point","Bremerton","WA","98312","Kitsap","Kitsap","Northwest Regional Office",6,35,"",,,47.575266408609,-122.666113416499,"Discrete monitoring point","+/- 3 ft (1 m)","GPS consumer unit or unknown (code phase)","",24,"N",1,"E",15,"NW","",,"","","","","","Monitoring Well",,"ft","Cased, Open Interval",94,124,"ft",2,"in","Plastic, pvc",,"","","","","","","","","https://fortress.wa.gov/ecy/eimreporting/Default.aspx?LocationUserId=G1100201-MW-15","","G1100201",8/4/2015 10:52:37 AM,100031978
"G1100201-MW-16","CROWNHILL MW-16","","","","Land","North Landfill Area, between grid locations NG-D6 and NG-D7",99722456,"Y","1500 Rocky Point","Bremerton","WA","98312","Kitsap","Kitsap","Northwest Regional Office",6,35,"",,,47.5754663574371,-122.666150155632,"Discrete monitoring point","+/- 3 ft (1 m)","GPS consumer unit or unknown (code phase)","",24,"N",1,"E",15,"NW","NE",,"","","","","","Monitoring Well",,"ft","Cased, Open Interval",94,124,"ft",2,"in","Plastic, pvc",,"","","","","","","","","https://fortress.wa.gov/ecy/eimreporting/Default.aspx?LocationUserId=G1100201-MW-16","","G1100201",8/4/2015 10:52:38 AM,100031979
"G1100201-MW-2","CROWNHILL MW-2","","","","Land","North of NG-B9, in North Landfill Area",99722456,"Y","1500 Rocky Point","Bremerton","WA","98312","Kitsap","Kitsap","Northwest Regional Office",6,35,"",,,47.5760323284561,-122.666663973422,"Discrete monitoring point","+/- 3 ft (1 m)","GPS survey-grade unit (carrier phase)","",24,"N",1,"E",15,"NW","NE",,"","","","","","Monitoring Well",,"ft","Cased, Open Interval",98,118,"ft",,"","",,"","","","","","","","","https://fortress.wa.gov/ecy/eimreporting/Default.aspx?LocationUserId=G1100201-MW-2","","G1100201",8/4/2015 10:52:28 AM,100031966
"G1100201-MW-4","CROWNHILL MW-4","","","","Land","North Landfill Area, grid location NG-K3",99722456,"Y","1500 Rocky Point","Bremerton","WA","98312","Kitsap","Kitsap","Northwest Regional Office",6,35,"",,,47.5750112873003,-122.664716730634,"Discrete monitoring point","+/- 3 ft (1 m)","GPS survey-grade unit (carrier phase)","",24,"N",1,"E",15,"NW","NE",,"","","","","","Monitoring Well",,"ft","Cased, Open Interval",123.5,143.5,"ft",,"","",,"","","","","","","","","https://fortress.wa.gov/ecy/eimreporting/Default.aspx?LocationUserId=G1100201-MW-4","","G1100201",8/4/2015 10:52:29 AM,100031967
"G1100201-MW-5","CROWNHILL MW-5","","","","Land","North Landfill Area, grid location NG-F5",99722456,"Y","1500 Rocky Point","Bremerton","WA","98312","Kitsap","Kitsap","Northwest Regional Office",6,35,"",,,47.5752873109248,-122.665726715523,"Discrete monitoring point","+/- 3 ft (1 m)","GPS survey-grade unit (carrier phase)","",24,"N",1,"E",15,"NW","NE",,"","","","","","Monitoring Well",,"ft","Cased, Open Interval",108,133,"ft",,"","",,"","","","","","","","","https://fortress.wa.gov/ecy/eimreporting/Default.aspx?LocationUserId=G1100201-MW-5","","G1100201",8/4/2015 10:52:30 AM,100031968
"G1100201-MW-6","CROWNHILL MW-6","","","","Land","North Landfill Area, grid location NG-A2",99722456,"Y","1500 Rocky Point","Bremerton","WA","98312","Kitsap","Kitsap","Northwest Regional Office",6,35,"",,,47.5749035220291,-122.666733468269,"Discrete monitoring point","+/- 3 ft (1 m)","GPS survey-grade unit (carrier phase)","",24,"N",1,"E",15,"NW","",,"","","","","","Monitoring Well",,"ft","Cased, Open Interval",116.5,136.5,"ft",,"","",,"","","","","","","","","https://fortress.wa.gov/ecy/eimreporting/Default.aspx?LocationUserId=G1100201-MW-6","","G1100201",8/4/2015 10:52:30 AM,100031969
"G1100201-MW-7","CROWNHILL MW-7","","","","Land","South Landfill Area, grid location SG-J6",99722456,"Y","1500 Rocky Point","Bremerton","WA","98312","Kitsap","Kitsap","Northwest Regional Office",6,35,"",,,47.5738561620141,-122.664906712796,"Discrete monitoring point","+/- 3 ft (1 m)","GPS survey-grade unit (carrier phase)","",24,"N",1,"E",15,"NW","SE",,"","","","","","Monitoring Well",,"ft","Cased, Open Interval",115,135,"ft",,"","",,"","","","","","","","","https://fortress.wa.gov/ecy/eimreporting/Default.aspx?LocationUserId=G1100201-MW-7","","G1100201",8/4/2015 10:52:31 AM,100031970
"G1100201-MW-9","CROWNHILL MW-9","","","","Land","North Landfill Area, between grid locations NG-F8 and NG-F9",99722456,"Y","1500 Rocky Point","Bremerton","WA","98312","Kitsap","Kitsap","Northwest Regional Office",6,35,"",,,47.5757719510671,-122.665715817739,"Discrete monitoring point","+/- 3 ft (1 m)","GPS survey-grade unit (carrier phase)","",24,"N",1,"E",15,"NW","NE",,"","","","","","Monitoring Well",,"ft","Cased, Open Interval",107,127,"ft",,"","",,"","","","","","","","","https://fortress.wa.gov/ecy/eimreporting/Default.aspx?LocationUserId=G1100201-MW-9","","G1100201",8/4/2015 10:52:33 AM,100031972
"HANSVLGS_CL-1","Hansville General Store CL-1","","","","Land","Captain's Landing CL-1",,"Y","","","WA","","KITSAP","Kitsap","Northwest Regional Office",6,23,"",,,47.9177330037628,-122.546667402564,"Discrete monitoring point","Unknown","Paper map interpolation","1:20,001 - 1:25,000",28,"N",2,"E",16,"NE","",,"","","","","","Monitoring Well",7.5,"FT","",,,"",,"","",3/10/2010 12:00:00 AM,"","","","","","","","","https://fortress.wa.gov/ecy/eimreporting/Default.aspx?LocationUserId=HANSVLGS_CL-1","","HANSVLGS",7/21/2010 1:54:30 PM,43622474
"HANSVLGS_GS-2","Hansville General Store GS-2","","","","Land","Hansville General Store GS-2",,"Y","","","WA","","KITSAP","Kitsap","Northwest Regional Office",6,23,"",,,47.9175924083623,-122.54678670441,"Discrete monitoring point","Unknown","Paper map interpolation","1:20,001 - 1:25,000",28,"N",2,"E",16,"NE","",11.25,"FT","NAVD88","","Unknown","","Monitoring Well",9,"FT","",,,"",,"","",3/10/2010 12:00:00 AM,"","","","","","","","","https://fortress.wa.gov/ecy/eimreporting/Default.aspx?LocationUserId=HANSVLGS_GS-2","","HANSVLGS",7/21/2010 1:54:30 PM,8162315
"HANSVLGS_GS-3","Hansville General Store GS-3","","","","Land","Hansville General Store GS-3",,"Y","","","WA","","KITSAP","Kitsap","Northwest Regional Office",6,23,"",,,47.9176703413284,-122.546757527477,"Discrete monitoring point","Unknown","Paper map interpolation","1:20,001 - 1:25,000",28,"N",2,"E",16,"NE","",11.11,"FT","NAVD88","","Unknown","","Monitoring Well",9,"FT","",,,"",,"","",3/10/2010 12:00:00 AM,"","","","","","","","","https://fortress.wa.gov/ecy/eimreporting/Default.aspx?LocationUserId=HANSVLGS_GS-3","","HANSVLGS",7/21/2010 1:54:31 PM,29504117
"HANSVLGS_GS-4","Hansville General Store GS-4","","","","Land","Hansville General Store GS-4",,"Y","","","WA","","KITSAP","Kitsap","Northwest Regional Office",6,23,"",,,47.9177368648503,-122.546876928117,"Discrete monitoring point","Unknown","Paper map interpolation","1:20,001 - 1:25,000",28,"N",2,"E",16,"NE","",11.35,"FT","NAVD88","","Unknown","","Monitoring Well",8.5,"FT","",,,"",,"","",3/10/2010 12:00:00 AM,"","","","","","","","","https://fortress.wa.gov/ecy/eimreporting/Default.aspx?LocationUserId=HANSVLGS_GS-4","","HANSVLGS",7/21/2010 1:54:31 PM,99667396
"HANSVLGS_GS-5","Hansville General Store GS-5","","","","Land","Hansville General Store GS-5",,"Y","","","WA","","KITSAP","Kitsap","Northwest Regional Office",6,23,"",,,47.9176562716256,-122.54684779143,"Discrete monitoring point","Unknown","Paper map interpolation","1:20,001 - 1:25,000",28,"N",2,"E",16,"NE","",,"","","","","","Monitoring Well",8.5,"FT","",,,"",,"","",3/10/2010 12:00:00 AM,"","","","","","","","","https://fortress.wa.gov/ecy/eimreporting/Default.aspx?LocationUserId=HANSVLGS_GS-5","","HANSVLGS",7/21/2010 1:54:31 PM,984456
"NW1436~MW-1","NW1436~9-5277~MW-1","","","","Land","9571 Silverdale Way N.W.,Silverdale,WA",,"Y","","","WA","","KITSAP","Kitsap","Northwest Regional Office",6,23,"",,,47.650009,-122.694662,"Centroid of monitoring area","Unknown","GPS consumer unit or unknown (code phase)","Not Applicable",25,"N",1,"E",20,"NE","NE",,"","","","","","Monitoring Well",,"","",,,"",,"","",,"","","","","","","","","https://fortress.wa.gov/ecy/eimreporting/Default.aspx?LocationUserId=NW1436~MW-1","","VCNW1436",11/13/2008 1:24:51 PM,13575182
"NW1436~MW-2","NW1436~9-5277~MW-2","","","","Land","9571 Silverdale Way N.W.,Silverdale,WA",,"Y","","","WA","","KITSAP","Kitsap","Northwest Regional Office",6,23,"",,,47.650009,-122.694662,"Centroid of monitoring area","Unknown","GPS consumer unit or unknown (code phase)","Not Applicable",25,"N",1,"E",20,"NE","NE",,"","","","","","Monitoring Well",,"","",,,"",,"","",,"","","","","","","","","https://fortress.wa.gov/ecy/eimreporting/Default.aspx?LocationUserId=NW1436~MW-2","","VCNW1436",11/13/2008 1:24:51 PM,49638746
"NW1436~MW-3","NW1436~9-5277~MW-3","","","","Land","9571 Silverdale Way N.W.,Silverdale,WA",,"Y","","","WA","","KITSAP","Kitsap","Northwest Regional Office",6,23,"",,,47.650009,-122.694662,"Centroid of monitoring area","Unknown","GPS consumer unit or unknown (code phase)","Not Applicable",25,"N",1,"E",20,"NE","NE",,"","","","","","Monitoring Well",,"","",,,"",,"","",,"","","","","","","","","https://fortress.wa.gov/ecy/eimreporting/Default.aspx?LocationUserId=NW1436~MW-3","","VCNW1436",11/13/2008 1:24:51 PM,9166339
"NW1436~MW-4","NW1436~9-5277~MW-4","","","","Land","9571 Silverdale Way N.W.,Silverdale,WA",,"Y","","","WA","","KITSAP","Kitsap","Northwest Regional Office",6,23,"",,,47.650009,-122.694662,"Centroid of monitoring area","Unknown","GPS consumer unit or unknown (code phase)","Not Applicable",25,"N",1,"E",20,"NE","NE",,"","","","","","Monitoring Well",,"","",,,"",,"","",,"","","","","","","","","https://fortress.wa.gov/ecy/eimreporting/Default.aspx?LocationUserId=NW1436~MW-4","","VCNW1436",11/13/2008 1:24:51 PM,16639536
"NW1436~MW-5","NW1436~9-5277~MW-5","","","","Land","9571 Silverdale Way N.W.,Silverdale,WA",,"Y","","","WA","","KITSAP","Kitsap","Northwest Regional Office",6,23,"",,,47.650009,-122.694662,"Centroid of monitoring area","Unknown","GPS consumer unit or unknown (code phase)","Not Applicable",25,"N",1,"E",20,"NE","NE",,"","","","","","Monitoring Well",,"","",,,"",,"","",,"","","","","","","","","https://fortress.wa.gov/ecy/eimreporting/Default.aspx?LocationUserId=NW1436~MW-5","","VCNW1436",11/13/2008 1:24:51 PM,77788604
"NW1436~RP-MW-1","NW1436~9-5277~RP-MW-1","","","","Land","9571 Silverdale Way N.W.,Silverdale,WA",,"Y","","","WA","","KITSAP","Kitsap","Northwest Regional Office",6,23,"",,,47.650009,-122.694662,"Centroid of monitoring area","Unknown","GPS consumer unit or unknown (code phase)","Not Applicable",25,"N",1,"E",20,"NE","NE",,"","","","","","Monitoring Well",,"","",,,"",,"","",,"","","","","","","","","https://fortress.wa.gov/ecy/eimreporting/Default.aspx?LocationUserId=NW1436~RP-MW-1","","VCNW1436",11/13/2008 1:24:51 PM,69795367
"NW1453~MW-1","NW1453~9-6142~MW-1","","","","Land","323 High School Road NE,Bainbridge Island,WA",,"Y","","","WA","","KITSAP","Kitsap","Northwest Regional Office",6,23,"",,,47.635603,-122.517954,"Discrete monitoring point","Unknown","GPS consumer unit or unknown (code phase)","Not Applicable",25,"N",2,"E",26,"NW","NW",,"","","","","","Monitoring Well",,"","",,,"",,"","",,"","","","","","","","","https://fortress.wa.gov/ecy/eimreporting/Default.aspx?LocationUserId=NW1453~MW-1","","VCNW1453",1/4/2011 1:21:33 PM,49853410
"NW1453~MW-3","NW1453~9-6142~MW-3","","","","Land","323 High School Road NE,Bainbridge Island,WA",,"Y","","","WA","","KITSAP","Kitsap","Northwest Regional Office",6,23,"",,,47.635381,-122.517321,"Discrete monitoring point","Unknown","GPS consumer unit or unknown (code phase)","Not Applicable",25,"N",2,"E",26,"NW","NW",,"","","","","","Monitoring Well",,"","",,,"",,"","",,"","","","","","","","","https://fortress.wa.gov/ecy/eimreporting/Default.aspx?LocationUserId=NW1453~MW-3","","VCNW1453",1/4/2011 1:21:35 PM,61523381
"NW1453~MW-5","NW1453~9-6142~MW-5","","","","Land","323 High School Road NE,Bainbridge Island,WA",,"Y","","","WA","","KITSAP","Kitsap","Northwest Regional Office",6,23,"",,,47.635648,-122.518202,"Discrete monitoring point","Unknown","GPS consumer unit or unknown (code phase)","Not Applicable",25,"N",2,"E",26,"NW","NW",,"","","","","","Monitoring Well",,"","",,,"",,"","",,"","","","","","","","","https://fortress.wa.gov/ecy/eimreporting/Default.aspx?LocationUserId=NW1453~MW-5","","VCNW1453",1/4/2011 1:21:35 PM,8146676
"NW1453~MW-6","NW1453~9-6142~MW-6","","","","Land","323 High School Road NE,Bainbridge Island,WA",,"Y","","","WA","","KITSAP","Kitsap","Northwest Regional Office",6,23,"",,,47.635392,-122.517093,"Discrete monitoring point","Unknown","GPS consumer unit or unknown (code phase)","Not Applicable",25,"N",2,"E",26,"NW","NW",,"","","","","","Monitoring Well",,"","",,,"",,"","",,"","","","","","","","","https://fortress.wa.gov/ecy/eimreporting/Default.aspx?LocationUserId=NW1453~MW-6","","VCNW1453",1/4/2011 1:21:36 PM,5867483
"NW1453~MW-8","NW1453~9-6142~MW-8","","","","Land","323 High School Road NE,Bainbridge Island,WA",,"Y","","","WA","","KITSAP","Kitsap","Northwest Regional Office",6,23,"",,,47.635328,-122.517759,"Discrete monitoring point","Unknown","GPS consumer unit or unknown (code phase)","Not Applicable",25,"N",2,"E",26,"NW","NW",,"","","","","","Monitoring Well",,"","",,,"",,"","",,"","","","","","","","","https://fortress.wa.gov/ecy/eimreporting/Default.aspx?LocationUserId=NW1453~MW-8","","VCNW1453",1/4/2011 1:21:37 PM,17950574
"NW1454~MW-1","NW1454~9-4252~MW-1","","","","Land","99th Ave Sw & 176th,Vashon,WA",,"Y","","","WA","","KING","Kitsap","Northwest Regional Office",7,34,"",,,47.4474,-122.4612,"Centroid of monitoring area","Unknown","GPS consumer unit or unknown (code phase)","Not Applicable",23,"N",3,"E",30,"SE","SE",,"","","","","","Monitoring Well",,"","",,,"",,"","",,"","","","","","","","","https://fortress.wa.gov/ecy/eimreporting/Default.aspx?LocationUserId=NW1454~MW-1","","VCNW1454",11/4/2008 11:06:10 AM,26897505
"NW1454~MW-3","NW1454~9-4252~MW-3","","","","Land","99th Ave Sw & 176th,Vashon,WA",,"Y","","","WA","","KING","Kitsap","Northwest Regional Office",7,34,"",,,47.4474,-122.4612,"Centroid of monitoring area","Unknown","GPS consumer unit or unknown (code phase)","Not Applicable",23,"N",3,"E",30,"SE","SE",,"","","","","","Monitoring Well",,"","",,,"",,"","",,"","","","","","","","","https://fortress.wa.gov/ecy/eimreporting/Default.aspx?LocationUserId=NW1454~MW-3","","VCNW1454",11/4/2008 11:06:11 AM,52326264
"NW1454~MW-4","NW1454~9-4252~MW-4","","","","Land","99th Ave Sw & 176th,Vashon,WA",,"Y","","","WA","","KING","Kitsap","Northwest Regional Office",7,34,"",,,47.4474,-122.4612,"Centroid of monitoring area","Unknown","GPS consumer unit or unknown (code phase)","Not Applicable",23,"N",3,"E",30,"SE","SE",,"","","","","","Monitoring Well",,"","",,,"",,"","",,"","","","","","","","","https://fortress.wa.gov/ecy/eimreporting/Default.aspx?LocationUserId=NW1454~MW-4","","VCNW1454",11/4/2008 11:06:11 AM,78980055
"NW1454~MW-8","NW1454~9-4252~MW-8","","","","Land","99th Ave Sw & 176th,Vashon,WA",,"Y","","","WA","","KING","Kitsap","Northwest Regional Office",7,34,"",,,47.4474,-122.4612,"Centroid of monitoring area","Unknown","GPS consumer unit or unknown (code phase)","Not Applicable",23,"N",3,"E",30,"SE","SE",,"","","","","","Monitoring Well",,"","",,,"",,"","",,"","","","","","","","","https://fortress.wa.gov/ecy/eimreporting/Default.aspx?LocationUserId=NW1454~MW-8","","VCNW1454",11/4/2008 11:06:11 AM,91277880
"NW1454~N-12","NW1454~9-4252~N-12","","","","Land","99th Ave Sw & 176th,Vashon,WA",,"Y","","","WA","","KING","Kitsap","Northwest Regional Office",7,34,"",,,47.4474,-122.4612,"Centroid of monitoring area","Unknown","GPS consumer unit or unknown (code phase)","Not Applicable",23,"N",3,"E",30,"SE","SE",,"","","","","","Monitoring Well",,"","",,,"",,"","",,"","","","","","","","","https://fortress.wa.gov/ecy/eimreporting/Default.aspx?LocationUserId=NW1454~N-12","","VCNW1454",11/4/2008 11:06:11 AM,49175229
"PALF351-MW5","PORT ANGELES 351-COMPLIANT LANDFILL MW5","","","","Land","Approximately 65 feet south of 351 Landfill Cell 3",,"Y","","","WA","","Clallam","Elwah-Dungeness","Southwest Regional Office",6,24,"",,,48.1276387168128,-123.518280360482,"Discrete monitoring point","+/- 40 ft (12 m)","Paper map interpolation","1:25,000",30,"N",7,"W",1,"NW","NE",,"","","","","","Monitoring Well",205,"FT","Cased, Open Interval",180,205,"FT",,"","",,"","","","","","","","","https://fortress.wa.gov/ecy/eimreporting/Default.aspx?LocationUserId=PALF351-MW5","","PALF351",1/25/2016 4:39:24 PM,100036511
"PALF351-MW6","PORT ANGELES 351-COMPLIANT LANDFILL MW6","","","","Land","western edge of building near northern edge of 351 Landfill Cell 1",,"Y","","","WA","","Clallam","Elwah-Dungeness","Southwest Regional Office",6,24,"",,,48.1307255984215,-123.518227231228,"Discrete monitoring point","+/- 40 ft (12 m)","Paper map interpolation","1:25,000",31,"N",7,"W",36,"SW","SE",,"","","","","","Monitoring Well",155,"FT","Cased, Open Interval",137,153,"FT",,"","",,"","","","","","","","","https://fortress.wa.gov/ecy/eimreporting/Default.aspx?LocationUserId=PALF351-MW6","","PALF351",1/25/2016 4:39:24 PM,100036512
"PALF351-MW7","PORT ANGELES 351-COMPLIANT LANDFILL MW7","","","","Land","250 ft. west of eastern property boundary along northern edge of 351 Landfill Cell 1",,"Y","","","WA","","Clallam","Elwah-Dungeness","Southwest Regional Office",6,24,"",,,48.1305109109932,-123.517178362778,"Discrete monitoring point","+/- 40 ft (12 m)","Paper map interpolation","1:25,000",31,"N",7,"W",36,"SW","SE",,"","","","","","Monitoring Well",153,"FT","Cased, Open Interval",138,153,"FT",,"","",,"","","","","","","","","https://fortress.wa.gov/ecy/eimreporting/Default.aspx?LocationUserId=PALF351-MW7","","PALF351",1/25/2016 4:39:25 PM,100036513
"PALF351-MW8","PORT ANGELES 351-COMPLIANT LANDFILL MW8","","","","Land","Across the road from NE corner of 351 Landfill Cell 1",,"Y","","","WA","","Clallam","Elwah-Dungeness","Southwest Regional Office",6,24,"",,,48.1302609728214,-123.516402780977,"Discrete monitoring point","+/- 40 ft (12 m)","Paper map interpolation","1:25,000",31,"N",7,"W",36,"SW","SE",,"","","","","","Monitoring Well",152,"FT","Cased, Open Interval",131,152,"FT",,"","",,"","","","","","","","","https://fortress.wa.gov/ecy/eimreporting/Default.aspx?LocationUserId=PALF351-MW8","","PALF351",1/25/2016 4:39:25 PM,100036514
"SW0080_MW-A10","SW0080_MW-A10","","","","Land","Approximately 40 feet west-southwest from the southwest corner of the above ground storage tank enclosure located in Area A South.",63423475,"Y","Ediz Hook Road","Port Angeles","WA","98362","Clallam","Elwah-Dungeness","Southwest Regional Office",6,24,"",,,48.1395055555556,-123.406811111111,"Discrete monitoring point","+/- 10 ft (3 m)","Computer map - GIS-based","Not Applicable",31,"N",6,"W",35,"SE","NE",0.98,"FT","NAVD88","+/- 10 ft (3 m)","Digital elevation model  WA 10 m","","Monitoring Well",10.68,"FT","Cased, Open Interval",,,"",2,"IN","Plastic, pvc",,"Bored/Augered","","","","","","","","https://fortress.wa.gov/ecy/eimreporting/Default.aspx?LocationUserId=SW0080_MW-A10","","VCSW0080",1/18/2011 1:39:57 PM,11314044
"SW0080_MW-A2","SW0080 MW-A2","","","","Land","Approximately 85 feet west-southwest from the southwest corner of the above ground storage tank enclosure located in Area A South.",63423475,"Y","Ediz Hook Road","Port Angeles","WA","98362","Clallam","Elwah-Dungeness","Southwest Regional Office",6,24,"",,,48.1394694444444,-123.407022222222,"Discrete monitoring point","+/- 10 ft (3 m)","Computer map - GIS-based","Not Applicable",31,"N",6,"W",35,"SE","NE",0.98,"FT","NAVD88","+/- 10 ft (3 m)","Digital elevation model  WA 10 m","","Monitoring Well",19.18,"FT","Cased, Open Interval",,,"",2,"IN","Plastic, pvc",,"Bored/Augered","","","","","","","","https://fortress.wa.gov/ecy/eimreporting/Default.aspx?LocationUserId=SW0080_MW-A2","","VCSW0080",1/18/2011 1:39:58 PM,72602370
"SW0080_MW-A7","SW0080_MW-A7","","","","Land","Approximately 80 feet west-northwest from the southwest corner of the temporary outbuilding located in Area A North.",,"Y","Ediz Hook Road","Port Angeles","WA","98362","Clallam","Elwah-Dungeness","Southwest Regional Office",6,24,"",,,48.1399111111111,-123.406813888889,"Discrete monitoring point","+/- 10 ft (3 m)","Computer map - GIS-based","Not Applicable",31,"N",6,"W",35,"SE","NE",0.98,"FT","NAVD88","+/- 10 ft (3 m)","Digital elevation model  WA 10 m","","Monitoring Well",9.97,"FT","Cased, Open Interval",,,"",2,"IN","Plastic, pvc",,"Bored/Augered","","","","","","","","https://fortress.wa.gov/ecy/eimreporting/Default.aspx?LocationUserId=SW0080_MW-A7","","VCSW0080",1/18/2011 1:39:59 PM,24661620
"VCSW0664~MW-1","SW0664~9-2553~MW-1","","","","Land","1730 Olympic Hwy S,Shelton,WA",,"Y","","","WA","","Mason","Kennedy-Goldsborough","Southwest Regional Office",10,35,"",,,47.1998,-123.0916,"Discrete monitoring point","Unknown","GPS consumer unit or unknown (code phase)","Not Applicable",20,"N",3,"W",29,"NW","NE",,"","","","","","Monitoring Well",,"","",,,"",,"","",,"","","","","","","","","https://fortress.wa.gov/ecy/eimreporting/Default.aspx?LocationUserId=VCSW0664~MW-1","","VCSW0664",1/8/2009 10:36:56 AM,58393007
"VCSW0664~MW-11","SW0664~9-2553~MW-11","","","","Land","1730 Olympic Hwy S,Shelton,WA",,"Y","","","WA","","Mason","Kennedy-Goldsborough","Southwest Regional Office",10,35,"",,,47.2001,-123.0918,"Discrete monitoring point","Unknown","GPS consumer unit or unknown (code phase)","Not Applicable",20,"N",3,"W",29,"NW","NE",,"","","","","","Monitoring Well",,"","",,,"",,"","",,"","","","","","","","","https://fortress.wa.gov/ecy/eimreporting/Default.aspx?LocationUserId=VCSW0664~MW-11","","VCSW0664",1/8/2009 10:36:56 AM,71440950
"VCSW0664~MW-12","SW0664~9-2553~MW-12","","","","Land","1730 Olympic Hwy S,Shelton,WA",,"Y","","","WA","","Mason","Kennedy-Goldsborough","Southwest Regional Office",10,35,"",,,47.2,-123.0916,"Discrete monitoring point","Unknown","GPS consumer unit or unknown (code phase)","Not Applicable",20,"N",3,"W",29,"NW","NE",,"","","","","","Monitoring Well",,"","",,,"",,"","",,"","","","","","","","","https://fortress.wa.gov/ecy/eimreporting/Default.aspx?LocationUserId=VCSW0664~MW-12","","VCSW0664",1/8/2009 10:36:57 AM,19756010
"VCSW0664~MW-3","SW0664~9-2553~MW-3","","","","Land","1730 Olympic Hwy S,Shelton,WA",,"Y","","","WA","","Mason","Kennedy-Goldsborough","Southwest Regional Office",10,35,"",,,47.2,-123.0919,"Discrete monitoring point","Unknown","GPS consumer unit or unknown (code phase)","Not Applicable",20,"N",3,"W",29,"NW","NE",,"","","","","","Monitoring Well",,"","",,,"",,"","",,"","","","","","","","","https://fortress.wa.gov/ecy/eimreporting/Default.aspx?LocationUserId=VCSW0664~MW-3","","VCSW0664",1/8/2009 10:36:57 AM,32170414
"VCSW0664~MW-5","SW0664~9-2553~MW-5","","","","Land","1730 Olympic Hwy S,Shelton,WA",,"Y","","","WA","","Mason","Kennedy-Goldsborough","Southwest Regional Office",10,35,"",,,47.1999,-123.0918,"Discrete monitoring point","Unknown","GPS consumer unit or unknown (code phase)","Not Applicable",20,"N",3,"W",29,"NW","NE",,"","","","","","Monitoring Well",,"","",,,"",,"","",,"","","","","","","","","https://fortress.wa.gov/ecy/eimreporting/Default.aspx?LocationUserId=VCSW0664~MW-5","","VCSW0664",1/8/2009 10:36:57 AM,53636160
"VCSW0664~MW-6","SW0664~9-2553~MW-6","","","","Land","1730 Olympic Hwy S,Shelton,WA",,"Y","","","WA","","Mason","Kennedy-Goldsborough","Southwest Regional Office",10,35,"",,,47.1996,-123.092,"Discrete monitoring point","Unknown","GPS consumer unit or unknown (code phase)","Not Applicable",20,"N",3,"W",29,"NW","NE",,"","","","","","Monitoring Well",,"","",,,"",,"","",,"","","","","","","","","https://fortress.wa.gov/ecy/eimreporting/Default.aspx?LocationUserId=VCSW0664~MW-6","","VCSW0664",1/8/2009 10:36:57 AM,51134041
"VCSW0664~MW-7","SW0664~9-2553~MW-7","","","","Land","1730 Olympic Hwy S,Shelton,WA",,"Y","","","WA","","Mason","Kennedy-Goldsborough","Southwest Regional Office",10,35,"",,,47.1999,-123.0919,"Discrete monitoring point","Unknown","GPS consumer unit or unknown (code phase)","Not Applicable",20,"N",3,"W",29,"NW","NE",,"","","","","","Monitoring Well",,"","",,,"",,"","",,"","","","","","","","","https://fortress.wa.gov/ecy/eimreporting/Default.aspx?LocationUserId=VCSW0664~MW-7","","VCSW0664",1/8/2009 10:36:57 AM,41811917
"VCSW0664~MW-8","SW0664~9-2553~MW-8","","","","Land","1730 Olympic Hwy S,Shelton,WA",,"Y","","","WA","","Mason","Kennedy-Goldsborough","Southwest Regional Office",10,35,"",,,47.1998,-123.0918,"Discrete monitoring point","Unknown","GPS consumer unit or unknown (code phase)","Not Applicable",20,"N",3,"W",29,"NW","NE",,"","","","","","Monitoring Well",,"","",,,"",,"","",,"","","","","","","","","https://fortress.wa.gov/ecy/eimreporting/Default.aspx?LocationUserId=VCSW0664~MW-8","","VCSW0664",1/8/2009 10:36:57 AM,19170563
"VCSW0664~MW-9","SW0664~9-2553~MW-9","","","","Land","1730 Olympic Hwy S,Shelton,WA",,"Y","","","WA","","Mason","Kennedy-Goldsborough","Southwest Regional Office",10,35,"",,,47.1996,-123.0916,"Discrete monitoring point","Unknown","GPS consumer unit or unknown (code phase)","Not Applicable",20,"N",3,"W",29,"NW","NE",,"","","","","","Monitoring Well",,"","",,,"",,"","",,"","","","","","","","","https://fortress.wa.gov/ecy/eimreporting/Default.aspx?LocationUserId=VCSW0664~MW-9","","VCSW0664",1/8/2009 10:36:57 AM,37638520
"VCSW1470-MW-1","VCSW1470-MW-1","","","","Land","30 ft east of southeast corner of auto shop",6321899,"Y","","Belfair","WA","98528","Mason","Kitsap","Southwest Regional Office",6,35,"",,,47.4516414751251,-122.826711273029,"Discrete monitoring point","+/- 0.1 ft (0.03 m)","Survey - conventional","",23,"N",1,"W",29,"SE","",,"","","","","","Monitoring Well",10,"FT","Cased, Open Interval",2,10,"FT",,"","",,"","","","","","","","","https://fortress.wa.gov/ecy/eimreporting/Default.aspx?LocationUserId=VCSW1470-MW-1","","VCSW1470",7/29/2015 10:29:06 AM,100031913
"VCSW1470-MW-101","VCSW1470-MW-101","","","","Land","6 ft east of Dairy Queen",6321899,"Y","","Belfair","WA","98528","Mason","Kitsap","Southwest Regional Office",6,35,"",,,47.4515165273791,-122.827381673884,"Discrete monitoring point","+/- 0.1 ft (0.03 m)","Survey - conventional","",23,"N",1,"W",29,"SE","",,"","","","","","Monitoring Well",15,"FT","Cased, Open Interval",5,15,"FT",,"","",,"","","","","","","","","https://fortress.wa.gov/ecy/eimreporting/Default.aspx?LocationUserId=VCSW1470-MW-101","","VCSW1470",7/29/2015 10:29:14 AM,100031936
"VCSW1470-MW-102","VCSW1470-MW-102","","","","Land","105 ft northwest from northwest corner of Dairy Queen",6321899,"Y","","Belfair","WA","98528","Mason","Kitsap","Southwest Regional Office",6,35,"",,,47.4516054889665,-122.827997919541,"Discrete monitoring point","+/- 0.1 ft (0.03 m)","Survey - conventional","",23,"N",1,"W",29,"SE","",,"","","","","","Monitoring Well",15,"FT","Cased, Open Interval",5,15,"FT",,"","",,"","","","","","","","","https://fortress.wa.gov/ecy/eimreporting/Default.aspx?LocationUserId=VCSW1470-MW-102","","VCSW1470",7/29/2015 10:29:15 AM,100031937
"VCSW1470-MW-103","VCSW1470-MW-103","","","","Land","95 ft north of northwest corner of Dairy Queen",6321899,"Y","","Belfair","WA","98528","Mason","Kitsap","Southwest Regional Office",6,35,"",,,47.4518283204215,-122.827622523784,"Discrete monitoring point","+/- 0.1 ft (0.03 m)","Survey - conventional","",23,"N",1,"W",29,"SE","",,"","","","","","Monitoring Well",15,"FT","Cased, Open Interval",5,15,"FT",,"","",,"","","","","","","","","https://fortress.wa.gov/ecy/eimreporting/Default.aspx?LocationUserId=VCSW1470-MW-103","","VCSW1470",7/29/2015 10:29:15 AM,100031938
"VCSW1470-MW-104","VCSW1470-MW-104","","","","Land","125 ft north of northeast corner of Dairy Queen",6321899,"Y","","Belfair","WA","98528","Mason","Kitsap","Southwest Regional Office",6,35,"",,,47.4519485575388,-122.827387240836,"Discrete monitoring point","+/- 0.1 ft (0.03 m)","Survey - conventional","",23,"N",1,"W",29,"SE","",,"","","","","","Monitoring Well",15,"FT","Cased, Open Interval",5,15,"FT",,"","",,"","","","","","","","","https://fortress.wa.gov/ecy/eimreporting/Default.aspx?LocationUserId=VCSW1470-MW-104","","VCSW1470",7/29/2015 10:29:15 AM,100031939
"VCSW1470-MW-105","VCSW1470-MW-105","","","","Land","38 ft west-northwest of Dairy Queen (NE corner)",6321899,"Y","","","WA","","Mason","Kitsap","Southwest Regional Office",6,35,"",,,47.4516861172748,-122.82745815093,"Discrete monitoring point","+/- 20 ft (6 m)","Computer map - GIS-based","",23,"N",1,"W",29,"","",,"","","","","","Monitoring Well",13,"FT","Cased, open interval",3,13,"FT",,"","",,"","","","","","","","","https://fortress.wa.gov/ecy/eimreporting/Default.aspx?LocationUserId=VCSW1470-MW-105","","VCSW1470",12/1/2016 3:45:38 PM,100053630
"VCSW1470-MW-106","VCSW1470-MW-106","","","","Land","65 ft north-northeast of Diary Queen (NE corner)",6321899,"Y","","","WA","","Mason","Kitsap","Southwest Regional Office",6,35,"",,,47.4517309745951,-122.827564113638,"Discrete monitoring point","+/- 20 ft (6 m)","Computer map - GIS-based","",23,"N",1,"W",29,"","",,"","","","","","Monitoring Well",13,"FT","Cased, open interval",3,13,"FT",,"","",,"","","","","","","","","https://fortress.wa.gov/ecy/eimreporting/Default.aspx?LocationUserId=VCSW1470-MW-106","","VCSW1470",12/1/2016 3:45:38 PM,100053631
"VCSW1470-MW-107","VCSW1470-MW-107","","","","Land","60 ft northwest of Dairy Queen (NE corner)",6321899,"Y","","","WA","","Mason","Kitsap","Southwest Regional Office",6,35,"",,,47.4517102406453,-122.827694054936,"Discrete monitoring point","+/- 20 ft (6 m)","Computer map - GIS-based","",23,"N",1,"W",29,"","",,"","","","","","Monitoring Well",13,"FT","Cased, open interval",3,13,"FT",,"","",,"","","","","","","","","https://fortress.wa.gov/ecy/eimreporting/Default.aspx?LocationUserId=VCSW1470-MW-107","","VCSW1470",12/1/2016 3:45:38 PM,100053632
"VCSW1470-MW-108","VCSW1470-MW-108","","","","Land","50 ft northeast of Dairy Queen (NE corner), completed in excavation area",6321899,"Y","","","WA","","Mason","Kitsap","Southwest Regional Office",6,35,"",,,47.451622141965,-122.827718764787,"Discrete monitoring point","+/- 20 ft (6 m)","Computer map - GIS-based","",23,"N",1,"W",29,"","",,"","","","","","Monitoring Well",13,"FT","Cased, open interval",3,13,"FT",,"","",,"","","","","","","","","https://fortress.wa.gov/ecy/eimreporting/Default.aspx?LocationUserId=VCSW1470-MW-108","","VCSW1470",12/1/2016 3:45:38 PM,100053633
"VCSW1470-MW-12","VCSW1470-MW-12","","","","Land","44 ft northwest of northwest corner of auto shop",6321899,"Y","","Belfair","WA","98528","Mason","Kitsap","Southwest Regional Office",6,35,"",,,47.4518923234663,-122.827026901381,"Discrete monitoring point","+/- 0.1 ft (0.03 m)","Survey - conventional","",23,"N",1,"W",29,"SE","",,"","","","","","Monitoring Well",8,"FT","Cased, Open Interval",3,8,"FT",,"","",,"","","","","","","","","https://fortress.wa.gov/ecy/eimreporting/Default.aspx?LocationUserId=VCSW1470-MW-12","","VCSW1470",7/29/2015 10:29:09 AM,100031923
"VCSW1470-MW-13","VCSW1470-MW-13","","","","Land","40 ft southwest of southwest corner of auto shop",6321899,"Y","","Belfair","WA","98528","Mason","Kitsap","Southwest Regional Office",6,35,"",,,47.4516112008777,-122.827103908868,"Discrete monitoring point","+/- 0.1 ft (0.03 m)","Survey - conventional","",23,"N",1,"W",29,"SE","",,"","","","","","Monitoring Well",13,"FT","Cased, Open Interval",3,13,"FT",,"","",,"","","","","","","","","https://fortress.wa.gov/ecy/eimreporting/Default.aspx?LocationUserId=VCSW1470-MW-13","","VCSW1470",7/29/2015 10:29:10 AM,100031924
"VCSW1470-MW-14","VCSW1470-MW-14","","","","Land","50 ft northeast of northeast corner of Dairy Queen",6321899,"Y","","Belfair","WA","98528","Mason","Kitsap","Southwest Regional Office",6,35,"",,,47.451679160062,-122.827323804994,"Discrete monitoring point","+/- 0.1 ft (0.03 m)","Survey - conventional","",23,"N",1,"W",29,"SE","",,"","","","","","Monitoring Well",13,"FT","Cased, Open Interval",3,13,"FT",,"","",,"","","","","","","","","https://fortress.wa.gov/ecy/eimreporting/Default.aspx?LocationUserId=VCSW1470-MW-14","","VCSW1470",7/29/2015 10:29:10 AM,100031925
"VCSW1470-MW-16","VCSW1470-MW-16","","","","Land","95 ft north of northeast corner of Dairy Queen",6321899,"Y","","Belfair","WA","98528","Mason","Kitsap","Southwest Regional Office",6,35,"",,,47.4518129708126,-122.82739733902,"Discrete monitoring point","+/- 0.1 ft (0.03 m)","Survey - conventional","",23,"N",1,"W",29,"SE","",,"","","","","","Monitoring Well",10,"FT","Cased, Open Interval",3,10,"FT",,"","",,"","","","","","","","","https://fortress.wa.gov/ecy/eimreporting/Default.aspx?LocationUserId=VCSW1470-MW-16","","VCSW1470",7/29/2015 10:29:11 AM,100031927
"VCSW1470-MW-18","VCSW1470-MW-18","","","","Land","80 ft west of northwest corner of Dairy Queen",6321899,"Y","","Belfair","WA","98528","Mason","Kitsap","Southwest Regional Office",6,35,"",,,47.4516030751166,-122.827896297371,"Discrete monitoring point","+/- 0.1 ft (0.03 m)","Survey - conventional","",23,"N",1,"W",29,"SE","",,"","","","","","Monitoring Well",13,"FT","Cased, Open Interval",3,13,"FT",,"","",,"","","","","","","","","https://fortress.wa.gov/ecy/eimreporting/Default.aspx?LocationUserId=VCSW1470-MW-18","","VCSW1470",7/29/2015 10:29:12 AM,100031929
"VCSW1470-MW-19","VCSW1470-MW-19","","","","Land","62 ft north of northwest corner of auto shop",6321899,"Y","","Belfair","WA","98528","Mason","Kitsap","Southwest Regional Office",6,35,"",,,47.4519581847677,-122.826973982377,"Discrete monitoring point","+/- 0.1 ft (0.03 m)","Survey - conventional","",23,"N",1,"W",29,"SE","",,"","","","","","Monitoring Well",15,"FT","Cased, Open Interval",3,15,"FT",,"","",,"","","","","","","","","https://fortress.wa.gov/ecy/eimreporting/Default.aspx?LocationUserId=VCSW1470-MW-19","","VCSW1470",7/29/2015 10:29:12 AM,100031930
"VCSW1470-MW-2","VCSW1470-MW-2","","","","Land","32 ft south of southeast corner of auto shop",6321899,"Y","","Belfair","WA","98528","Mason","Kitsap","Southwest Regional Office",6,35,"",,,47.4515708596475,-122.826868714068,"Discrete monitoring point","+/- 0.1 ft (0.03 m)","Survey - conventional","",23,"N",1,"W",29,"SE","",,"","","","","","Monitoring Well",10,"FT","Cased, Open Interval",2,10,"FT",,"","",,"","","","","","","","","https://fortress.wa.gov/ecy/eimreporting/Default.aspx?LocationUserId=VCSW1470-MW-2","","VCSW1470",7/29/2015 10:29:06 AM,100031914
"VCSW1470-MW-20","VCSW1470-MW-20","","","","Land","64 ft northeast of northwest corner of auto shop",6321899,"Y","","Belfair","WA","98528","Mason","Kitsap","Southwest Regional Office",6,35,"",,,47.4519645426544,-122.826889416983,"Discrete monitoring point","+/- 0.1 ft (0.03 m)","Survey - conventional","",23,"N",1,"W",29,"SE","",,"","","","","","Monitoring Well",15,"FT","Cased, Open Interval",3,15,"FT",,"","",,"","","","","","","","","https://fortress.wa.gov/ecy/eimreporting/Default.aspx?LocationUserId=VCSW1470-MW-20","","VCSW1470",7/29/2015 10:29:12 AM,100031931
"VCSW1470-MW-21","VCSW1470-MW-21","","","","Land","32 ft north of northeast corner of Dairy Queen",6321899,"Y","","Belfair","WA","98528","Mason","Kitsap","Southwest Regional Office",6,35,"",,,47.4515833918637,-122.827575907154,"Discrete monitoring point","+/- 0.1 ft (0.03 m)","Survey - conventional","",23,"N",1,"W",29,"SE","",,"","","","","","Monitoring Well",11,"FT","Cased, Open Interval",3,11,"FT",,"","",,"","","","","","","","","https://fortress.wa.gov/ecy/eimreporting/Default.aspx?LocationUserId=VCSW1470-MW-21","","VCSW1470",7/29/2015 10:29:13 AM,100031932
"VCSW1470-MW-24","VCSW1470-MW-24","","","","Land","55 ft northwest of northwest corner of auto shop",6321899,"Y","","Belfair","WA","98528","Mason","Kitsap","Southwest Regional Office",6,35,"",,,47.4519053771134,-122.827076936193,"Discrete monitoring point","+/- 0.1 ft (0.03 m)","Survey - conventional","",23,"N",1,"W",29,"SE","",,"","","","","","Monitoring Well",10,"FT","Cased, Open Interval",3,10,"FT",,"","",,"","","","","","","","","https://fortress.wa.gov/ecy/eimreporting/Default.aspx?LocationUserId=VCSW1470-MW-24","","VCSW1470",7/29/2015 10:29:14 AM,100031935
"VCSW1470-MW-3","VCSW1470-MW-3","","","","Land","38 ft south of southwest corner of auto shop",6321899,"Y","","Belfair","WA","98528","Mason","Kitsap","Southwest Regional Office",6,35,"",,,47.4515633698004,-122.827071091338,"Discrete monitoring point","+/- 0.1 ft (0.03 m)","Survey - conventional","",23,"N",1,"W",29,"SE","",,"","","","","","Monitoring Well",10,"FT","Cased, Open Interval",2,10,"FT",,"","",,"","","","","","","","","https://fortress.wa.gov/ecy/eimreporting/Default.aspx?LocationUserId=VCSW1470-MW-3","","VCSW1470",7/29/2015 10:29:06 AM,100031915
"VCSW1470-MW-4","VCSW1470-MW-4","","","","Land","32 ft northwest of southwest corner of auto shop",6321899,"Y","","Belfair","WA","98528","Mason","Kitsap","Southwest Regional Office",6,35,"",,,47.4517127188893,-122.827094044785,"Discrete monitoring point","+/- 0.1 ft (0.03 m)","Survey - conventional","",23,"N",1,"W",29,"SE","",,"","","","","","Monitoring Well",10,"FT","Cased, Open Interval",2,10,"FT",,"","",,"","","","","","","","","https://fortress.wa.gov/ecy/eimreporting/Default.aspx?LocationUserId=VCSW1470-MW-4","","VCSW1470",7/29/2015 10:29:07 AM,100031916
"VCSW1470-MW-6","VCSW1470-MW-6","","","","Land","90 ft west of northeast corner of auto shop",6321899,"Y","","Belfair","WA","98528","Mason","Kitsap","Southwest Regional Office",6,35,"",,,47.4518002743726,-122.826432740966,"Discrete monitoring point","+/- 0.1 ft (0.03 m)","Survey - conventional","",23,"N",1,"W",29,"SE","",,"","","","","","Monitoring Well",9,"FT","Cased, Open Interval",5,9,"FT",,"","",,"","","","","","","","","https://fortress.wa.gov/ecy/eimreporting/Default.aspx?LocationUserId=VCSW1470-MW-6","","VCSW1470",7/29/2015 10:29:07 AM,100031917
"VCSW1470-MW-7","VCSW1470-MW-7","","","","Land","18 ft southwest of southeast corner of auto shop",6321899,"Y","","Belfair","WA","98528","Mason","Kitsap","Southwest Regional Office",6,35,"",,,47.4516359114778,-122.826888782378,"Discrete monitoring point","+/- 0.1 ft (0.03 m)","Survey - conventional","",23,"N",1,"W",29,"SE","",,"","","","","","Monitoring Well",11,"FT","Cased, Open Interval",6,11,"FT",,"","",,"","","","","","","","","https://fortress.wa.gov/ecy/eimreporting/Default.aspx?LocationUserId=VCSW1470-MW-7","","VCSW1470",7/29/2015 10:29:07 AM,100031918
"VCSW1470-MW-8","VCSW1470-MW-8","","","","Land","43 ft north of northeast corner of auto shop",6321899,"Y","","Belfair","WA","98528","Mason","Kitsap","Southwest Regional Office",6,35,"",,,47.4519018646503,-122.826814218496,"Discrete monitoring point","+/- 0.1 ft (0.03 m)","Survey - conventional","",23,"N",1,"W",29,"SE","",,"","","","","","Monitoring Well",14,"FT","Cased, Open Interval",4,14,"FT",,"","",,"","","","","","","","","https://fortress.wa.gov/ecy/eimreporting/Default.aspx?LocationUserId=VCSW1470-MW-8","","VCSW1470",7/29/2015 10:29:08 AM,100031919
